--
-- PostgreSQL database dump
--

-- Dumped from database version 15.1 (Ubuntu 15.1-1.pgdg22.04+1)
-- Dumped by pg_dump version 15.1 (Ubuntu 15.1-1.pgdg22.04+1)

SET statement_timeout = 0;
SET lock_timeout = 0;
SET idle_in_transaction_session_timeout = 0;
SET client_encoding = 'UTF8';
SET standard_conforming_strings = on;
SELECT pg_catalog.set_config('search_path', '', false);
SET check_function_bodies = false;
SET xmloption = content;
SET client_min_messages = warning;
SET row_security = off;

SET default_tablespace = '';

SET default_table_access_method = heap;

--
-- Name: auth_group; Type: TABLE; Schema: public; Owner: olaneat
--

CREATE TABLE public.auth_group (
    id integer NOT NULL,
    name character varying(150) NOT NULL
);


ALTER TABLE public.auth_group OWNER TO olaneat;

--
-- Name: auth_group_id_seq; Type: SEQUENCE; Schema: public; Owner: olaneat
--

ALTER TABLE public.auth_group ALTER COLUMN id ADD GENERATED BY DEFAULT AS IDENTITY (
    SEQUENCE NAME public.auth_group_id_seq
    START WITH 1
    INCREMENT BY 1
    NO MINVALUE
    NO MAXVALUE
    CACHE 1
);


--
-- Name: auth_group_permissions; Type: TABLE; Schema: public; Owner: olaneat
--

CREATE TABLE public.auth_group_permissions (
    id bigint NOT NULL,
    group_id integer NOT NULL,
    permission_id integer NOT NULL
);


ALTER TABLE public.auth_group_permissions OWNER TO olaneat;

--
-- Name: auth_group_permissions_id_seq; Type: SEQUENCE; Schema: public; Owner: olaneat
--

ALTER TABLE public.auth_group_permissions ALTER COLUMN id ADD GENERATED BY DEFAULT AS IDENTITY (
    SEQUENCE NAME public.auth_group_permissions_id_seq
    START WITH 1
    INCREMENT BY 1
    NO MINVALUE
    NO MAXVALUE
    CACHE 1
);


--
-- Name: auth_permission; Type: TABLE; Schema: public; Owner: olaneat
--

CREATE TABLE public.auth_permission (
    id integer NOT NULL,
    name character varying(255) NOT NULL,
    content_type_id integer NOT NULL,
    codename character varying(100) NOT NULL
);


ALTER TABLE public.auth_permission OWNER TO olaneat;

--
-- Name: auth_permission_id_seq; Type: SEQUENCE; Schema: public; Owner: olaneat
--

ALTER TABLE public.auth_permission ALTER COLUMN id ADD GENERATED BY DEFAULT AS IDENTITY (
    SEQUENCE NAME public.auth_permission_id_seq
    START WITH 1
    INCREMENT BY 1
    NO MINVALUE
    NO MAXVALUE
    CACHE 1
);


--
-- Name: authtoken_token; Type: TABLE; Schema: public; Owner: olaneat
--

CREATE TABLE public.authtoken_token (
    key character varying(40) NOT NULL,
    created timestamp with time zone NOT NULL,
    user_id uuid NOT NULL
);


ALTER TABLE public.authtoken_token OWNER TO olaneat;

--
-- Name: django_admin_log; Type: TABLE; Schema: public; Owner: olaneat
--

CREATE TABLE public.django_admin_log (
    id integer NOT NULL,
    action_time timestamp with time zone NOT NULL,
    object_id text,
    object_repr character varying(200) NOT NULL,
    action_flag smallint NOT NULL,
    change_message text NOT NULL,
    content_type_id integer,
    user_id uuid NOT NULL,
    CONSTRAINT django_admin_log_action_flag_check CHECK ((action_flag >= 0))
);


ALTER TABLE public.django_admin_log OWNER TO olaneat;

--
-- Name: django_admin_log_id_seq; Type: SEQUENCE; Schema: public; Owner: olaneat
--

ALTER TABLE public.django_admin_log ALTER COLUMN id ADD GENERATED BY DEFAULT AS IDENTITY (
    SEQUENCE NAME public.django_admin_log_id_seq
    START WITH 1
    INCREMENT BY 1
    NO MINVALUE
    NO MAXVALUE
    CACHE 1
);


--
-- Name: django_content_type; Type: TABLE; Schema: public; Owner: olaneat
--

CREATE TABLE public.django_content_type (
    id integer NOT NULL,
    app_label character varying(100) NOT NULL,
    model character varying(100) NOT NULL
);


ALTER TABLE public.django_content_type OWNER TO olaneat;

--
-- Name: django_content_type_id_seq; Type: SEQUENCE; Schema: public; Owner: olaneat
--

ALTER TABLE public.django_content_type ALTER COLUMN id ADD GENERATED BY DEFAULT AS IDENTITY (
    SEQUENCE NAME public.django_content_type_id_seq
    START WITH 1
    INCREMENT BY 1
    NO MINVALUE
    NO MAXVALUE
    CACHE 1
);


--
-- Name: django_migrations; Type: TABLE; Schema: public; Owner: olaneat
--

CREATE TABLE public.django_migrations (
    id bigint NOT NULL,
    app character varying(255) NOT NULL,
    name character varying(255) NOT NULL,
    applied timestamp with time zone NOT NULL
);


ALTER TABLE public.django_migrations OWNER TO olaneat;

--
-- Name: django_migrations_id_seq; Type: SEQUENCE; Schema: public; Owner: olaneat
--

ALTER TABLE public.django_migrations ALTER COLUMN id ADD GENERATED BY DEFAULT AS IDENTITY (
    SEQUENCE NAME public.django_migrations_id_seq
    START WITH 1
    INCREMENT BY 1
    NO MINVALUE
    NO MAXVALUE
    CACHE 1
);


--
-- Name: django_session; Type: TABLE; Schema: public; Owner: olaneat
--

CREATE TABLE public.django_session (
    session_key character varying(40) NOT NULL,
    session_data text NOT NULL,
    expire_date timestamp with time zone NOT NULL
);


ALTER TABLE public.django_session OWNER TO olaneat;

--
-- Name: products_categorymodel; Type: TABLE; Schema: public; Owner: olaneat
--

CREATE TABLE public.products_categorymodel (
    id uuid NOT NULL,
    name character varying(250) NOT NULL,
    slug character varying(250) NOT NULL,
    created_at timestamp with time zone NOT NULL
);


ALTER TABLE public.products_categorymodel OWNER TO olaneat;

--
-- Name: products_manufacturermodel; Type: TABLE; Schema: public; Owner: olaneat
--

CREATE TABLE public.products_manufacturermodel (
    name character varying(150),
    slug character varying(50) NOT NULL,
    id uuid NOT NULL,
    created_on timestamp with time zone NOT NULL,
    img character varying(255) NOT NULL
);


ALTER TABLE public.products_manufacturermodel OWNER TO olaneat;

--
-- Name: products_productmodel; Type: TABLE; Schema: public; Owner: olaneat
--

CREATE TABLE public.products_productmodel (
    id uuid NOT NULL,
    name character varying(255) NOT NULL,
    description text NOT NULL,
    created_on timestamp with time zone NOT NULL,
    price numeric(10,2) NOT NULL,
    slug character varying(250),
    update_at timestamp with time zone NOT NULL,
    img character varying(255) NOT NULL,
    available boolean NOT NULL,
    stock integer NOT NULL,
    category_id uuid,
    manufacturer_id uuid
);


ALTER TABLE public.products_productmodel OWNER TO olaneat;

--
-- Name: products_productspecificationmodel; Type: TABLE; Schema: public; Owner: olaneat
--

CREATE TABLE public.products_productspecificationmodel (
    id UUID NOT NULL,
    model character varying(255),
    colour character varying(255),
    weight character varying(255),
    brand character varying(255),
    ram character varying(255),
    storage character varying(255),
    rear_camera character varying(255),
    front_camera character varying(255),
    connectivity character varying(255),
    processor character varying(255),
    display text,
    battery character varying(255),
    product_id uuid NOT NULL,
    platform character varying(255)
);


ALTER TABLE public.products_productspecificationmodel OWNER TO olaneat;

--
-- Name: products_productspecificationmodel_id_seq; Type: SEQUENCE; Schema: public; Owner: olaneat
--

ALTER TABLE public.products_productspecificationmodel ALTER COLUMN id ADD GENERATED BY DEFAULT AS IDENTITY (
    SEQUENCE NAME public.products_productspecificationmodel_id_seq
    START WITH 1
    INCREMENT BY 1
    NO MINVALUE
    NO MAXVALUE
    CACHE 1
);


--
-- Name: register_customuser; Type: TABLE; Schema: public; Owner: olaneat
--

CREATE TABLE public.register_customuser (
    last_login timestamp with time zone,
    is_superuser boolean NOT NULL,
    first_name character varying(150) NOT NULL,
    last_name character varying(150) NOT NULL,
    is_staff boolean NOT NULL,
    is_active boolean NOT NULL,
    date_joined timestamp with time zone NOT NULL,
    id uuid NOT NULL,
    email character varying(254) NOT NULL,
    username character varying(255) NOT NULL,
    password character varying(100) NOT NULL,
    created date NOT NULL,
    "timestamp" timestamp with time zone NOT NULL,
    role character varying(5) NOT NULL
);


ALTER TABLE public.register_customuser OWNER TO olaneat;

--
-- Name: register_customuser_groups; Type: TABLE; Schema: public; Owner: olaneat
--

CREATE TABLE public.register_customuser_groups (
    id bigint NOT NULL,
    customuser_id uuid NOT NULL,
    group_id integer NOT NULL
);


ALTER TABLE public.register_customuser_groups OWNER TO olaneat;

--
-- Name: register_customuser_groups_id_seq; Type: SEQUENCE; Schema: public; Owner: olaneat
--

ALTER TABLE public.register_customuser_groups ALTER COLUMN id ADD GENERATED BY DEFAULT AS IDENTITY (
    SEQUENCE NAME public.register_customuser_groups_id_seq
    START WITH 1
    INCREMENT BY 1
    NO MINVALUE
    NO MAXVALUE
    CACHE 1
);


--
-- Name: register_customuser_user_permissions; Type: TABLE; Schema: public; Owner: olaneat
--

CREATE TABLE public.register_customuser_user_permissions (
    id bigint NOT NULL,
    customuser_id uuid NOT NULL,
    permission_id integer NOT NULL
);


ALTER TABLE public.register_customuser_user_permissions OWNER TO olaneat;

--
-- Name: register_customuser_user_permissions_id_seq; Type: SEQUENCE; Schema: public; Owner: olaneat
--

ALTER TABLE public.register_customuser_user_permissions ALTER COLUMN id ADD GENERATED BY DEFAULT AS IDENTITY (
    SEQUENCE NAME public.register_customuser_user_permissions_id_seq
    START WITH 1
    INCREMENT BY 1
    NO MINVALUE
    NO MAXVALUE
    CACHE 1
);


--
-- Name: userProfile_userprofilemodel; Type: TABLE; Schema: public; Owner: olaneat
--

CREATE TABLE public."userProfile_userprofilemodel" (
    id bigint NOT NULL,
    first_name character varying(255),
    last_name character varying(255),
    address text NOT NULL,
    created_at timestamp with time zone NOT NULL,
    state character varying(255),
    lga character varying(255),
    phone_number character varying(128),
    email character varying(254) NOT NULL,
    country character varying(255),
    user_id uuid NOT NULL,
    dispaly_image character varying(100) NOT NULL
);


ALTER TABLE public."userProfile_userprofilemodel" OWNER TO olaneat;

--
-- Name: userProfile_userprofilemodel_id_seq; Type: SEQUENCE; Schema: public; Owner: olaneat
--

ALTER TABLE public."userProfile_userprofilemodel" ALTER COLUMN id ADD GENERATED BY DEFAULT AS IDENTITY (
    SEQUENCE NAME public."userProfile_userprofilemodel_id_seq"
    START WITH 1
    INCREMENT BY 1
    NO MINVALUE
    NO MAXVALUE
    CACHE 1
);


--
-- Data for Name: auth_group; Type: TABLE DATA; Schema: public; Owner: olaneat
--

COPY public.auth_group (id, name) FROM stdin;
\.


--
-- Data for Name: auth_group_permissions; Type: TABLE DATA; Schema: public; Owner: olaneat
--

COPY public.auth_group_permissions (id, group_id, permission_id) FROM stdin;
\.


--
-- Data for Name: auth_permission; Type: TABLE DATA; Schema: public; Owner: olaneat
--

COPY public.auth_permission (id, name, content_type_id, codename) FROM stdin;
1	Can add log entry	1	add_logentry
2	Can change log entry	1	change_logentry
3	Can delete log entry	1	delete_logentry
4	Can view log entry	1	view_logentry
5	Can add permission	2	add_permission
6	Can change permission	2	change_permission
7	Can delete permission	2	delete_permission
8	Can view permission	2	view_permission
9	Can add group	3	add_group
10	Can change group	3	change_group
11	Can delete group	3	delete_group
12	Can view group	3	view_group
13	Can add content type	4	add_contenttype
14	Can change content type	4	change_contenttype
15	Can delete content type	4	delete_contenttype
16	Can view content type	4	view_contenttype
17	Can add session	5	add_session
18	Can change session	5	change_session
19	Can delete session	5	delete_session
20	Can view session	5	view_session
21	Can add custom user	6	add_customuser
22	Can change custom user	6	change_customuser
23	Can delete custom user	6	delete_customuser
24	Can view custom user	6	view_customuser
25	Can add user profile model	7	add_userprofilemodel
26	Can change user profile model	7	change_userprofilemodel
27	Can delete user profile model	7	delete_userprofilemodel
28	Can view user profile model	7	view_userprofilemodel
29	Can add Category	8	add_categorymodel
30	Can change Category	8	change_categorymodel
31	Can delete Category	8	delete_categorymodel
32	Can view Category	8	view_categorymodel
33	Can add Product	9	add_productmodel
34	Can change Product	9	change_productmodel
35	Can delete Product	9	delete_productmodel
36	Can view Product	9	view_productmodel
37	Can add Token	10	add_token
38	Can change Token	10	change_token
39	Can delete Token	10	delete_token
40	Can view Token	10	view_token
41	Can add token	11	add_tokenproxy
42	Can change token	11	change_tokenproxy
43	Can delete token	11	delete_tokenproxy
44	Can view token	11	view_tokenproxy
45	Can add Manufacturer	12	add_manufacturermodel
46	Can change Manufacturer	12	change_manufacturermodel
47	Can delete Manufacturer	12	delete_manufacturermodel
48	Can view Manufacturer	12	view_manufacturermodel
49	Can add product specification model	13	add_productspecificationmodel
50	Can change product specification model	13	change_productspecificationmodel
51	Can delete product specification model	13	delete_productspecificationmodel
52	Can view product specification model	13	view_productspecificationmodel
\.


--
-- Data for Name: authtoken_token; Type: TABLE DATA; Schema: public; Owner: olaneat
--

COPY public.authtoken_token (key, created, user_id) FROM stdin;
\.


--
-- Data for Name: django_admin_log; Type: TABLE DATA; Schema: public; Owner: olaneat
--

COPY public.django_admin_log (id, action_time, object_id, object_repr, action_flag, change_message, content_type_id, user_id) FROM stdin;
\.


--
-- Data for Name: django_content_type; Type: TABLE DATA; Schema: public; Owner: olaneat
--

COPY public.django_content_type (id, app_label, model) FROM stdin;
1	admin	logentry
2	auth	permission
3	auth	group
4	contenttypes	contenttype
5	sessions	session
6	register	customuser
7	userProfile	userprofilemodel
8	products	categorymodel
9	products	productmodel
10	authtoken	token
11	authtoken	tokenproxy
12	products	manufacturermodel
13	products	productspecificationmodel
\.


--
-- Data for Name: django_migrations; Type: TABLE DATA; Schema: public; Owner: olaneat
--

COPY public.django_migrations (id, app, name, applied) FROM stdin;
1	contenttypes	0001_initial	2023-04-14 00:07:38.550815+01
2	contenttypes	0002_remove_content_type_name	2023-04-14 00:07:38.562016+01
3	auth	0001_initial	2023-04-14 00:07:38.630147+01
4	auth	0002_alter_permission_name_max_length	2023-04-14 00:07:38.639931+01
5	auth	0003_alter_user_email_max_length	2023-04-14 00:07:38.65111+01
6	auth	0004_alter_user_username_opts	2023-04-14 00:07:38.660026+01
7	auth	0005_alter_user_last_login_null	2023-04-14 00:07:38.670099+01
8	auth	0006_require_contenttypes_0002	2023-04-14 00:07:38.67392+01
9	auth	0007_alter_validators_add_error_messages	2023-04-14 00:07:38.684503+01
10	auth	0008_alter_user_username_max_length	2023-04-14 00:07:38.694873+01
11	auth	0009_alter_user_last_name_max_length	2023-04-14 00:07:38.709351+01
12	auth	0010_alter_group_name_max_length	2023-04-14 00:07:38.720273+01
13	auth	0011_update_proxy_permissions	2023-04-14 00:07:38.730989+01
14	auth	0012_alter_user_first_name_max_length	2023-04-14 00:07:38.739611+01
15	register	0001_initial	2023-04-14 00:07:38.808064+01
16	admin	0001_initial	2023-04-14 00:07:38.860026+01
17	admin	0002_logentry_remove_auto_add	2023-04-14 00:07:38.873355+01
18	admin	0003_logentry_add_action_flag_choices	2023-04-14 00:07:38.886585+01
19	sessions	0001_initial	2023-04-14 00:07:38.905569+01
20	userProfile	0001_initial	2023-04-14 00:07:38.932731+01
21	products	0001_initial	2023-04-20 00:27:38.730219+01
22	userProfile	0002_userprofilemodel_dispaly_image	2023-04-20 00:27:38.751357+01
23	products	0002_alter_productmodel_price	2023-04-20 02:05:40.954404+01
24	authtoken	0001_initial	2023-04-20 02:36:12.992753+01
25	authtoken	0002_auto_20160226_1747	2023-04-20 02:36:13.036568+01
26	authtoken	0003_tokenproxy	2023-04-20 02:36:13.041392+01
27	products	0003_alter_productmodel_category	2023-05-03 02:47:52.804188+01
28	products	0004_alter_productmodel_img	2023-05-03 22:41:59.262831+01
29	products	0005_alter_categorymodel_options_categorymodel_created_at	2023-05-03 22:41:59.277124+01
30	products	0006_productmodel_manufacturer	2023-05-23 13:03:25.29134+01
31	products	0007_manufacturermodel_alter_productmodel_manufacturer	2023-05-23 13:43:03.475557+01
32	products	0008_alter_productmodel_category_and_more	2023-05-23 13:49:44.790474+01
33	products	0009_alter_productmodel_category_and_more	2023-05-23 14:26:35.880105+01
34	products	0010_manufacturermodel_img	2023-05-23 23:12:43.912707+01
35	products	0011_alter_manufacturermodel_options_and_more	2023-05-25 02:03:16.85951+01
45	products	0012_productspecificationmodel	2023-06-21 01:20:30.120057+01
46	products	0013_productspecificationmodel_platform_and_more	2023-06-21 01:20:30.137693+01
47	products	0014_rename_wieght_productspecificationmodel_weight	2023-06-21 01:20:30.147675+01
\.


--
-- Data for Name: django_session; Type: TABLE DATA; Schema: public; Owner: olaneat
--

COPY public.django_session (session_key, session_data, expire_date) FROM stdin;
4tqzei1s28420v2nn222102ys17ygun5	e30:1pn63K:TK32sfZUrKB6sacvgdfvgR69-mpMgvgw1KdxBfnROUc	2023-04-28 00:08:30.41311+01
kz0x9sm853qktmwz3ltgmsheumxzvmy0	.eJxVzLsOwjAMheF3yUyj2EnbhJGdZ6js2KEF1Eq9TIh3h0odYD7_d16mo23tu23RuRvEnA0HrxGQK8dcVwG8VNE1scISXEzCrSKZ0y9jyg8ddyt3Gm-TzdO4zgPbPbHHutjrJPq8HO3fQU9L_9WeG2CRFqBFdaFI7QU5K2oqkBNxiAFcaESZJSEAFCDBGBNRqsmZ9wfdpUFT:1pn6Ge:8_pOmCjkbtSNrXWeCmg3fQTlbN6dV1tLpUzaIvOHbII	2023-04-28 00:22:16.164398+01
hdndmce2b0ecs4weg4hlr6hknyzn7wwp	.eJxVzLsOwjAMheF3yUyj2EnbhJGdZ6js2KEF1Eq9TIh3h0odYD7_d16mo23tu23RuRvEnA0HrxGQK8dcVwG8VNE1scISXEzCrSKZ0y9jyg8ddyt3Gm-TzdO4zgPbPbHHutjrJPq8HO3fQU9L_9WeG2CRFqBFdaFI7QU5K2oqkBNxiAFcaESZJSEAFCDBGBNRqsmZ9wfdpUFT:1ppIlv:X-_d1xdNlrOhKOcS4zGF5Bze_qIHbytEWhu904tum_8	2023-05-04 02:07:39.659859+01
7uz8tok1snrgvj8rapqlcyf8ekmh3mnx	.eJxVjDkOwjAQRe_iGltexhObkp4zRDP2hLAokbJUiLuTSCngt--9_1YtrUvfrrNM7b2qsyqhi8gQdBOx0-AqaU7itPcSLFAHyKJOvxlTecqwt_VBw200ZRyW6c5mV8xBZ3Mdq7wuh_t30NPcb3VGaBhKChkIHSHaGhPY6nMUTOBSdpYth-qyxRAjbPPsKZSNFCfq8wXMZD-N:1psX1r:Ztl48il1riKPHYrhXFScnmxTMAazhoiOLqjqbEhpXrM	2023-05-12 23:57:27.745642+01
5m08ni16e5lwu39vaxxvzyiwlcwwq0qk	.eJxVjDkOwjAQRe_iGltexhObkp4zRDP2hLAokbJUiLuTSCngt--9_1YtrUvfrrNM7b2qsyqhi8gQdBOx0-AqaU7itPcSLFAHyKJOvxlTecqwt_VBw200ZRyW6c5mV8xBZ3Mdq7wuh_t30NPcb3VGaBhKChkIHSHaGhPY6nMUTOBSdpYth-qyxRAjbPPsKZSNFCfq8wXMZD-N:1psX2r:MQtLSiF248s5hZhcUEEijIAalzus1ANrtqfKlfIuvps	2023-05-12 23:58:29.291392+01
b87rsiddchr5c504cd9cuaiopd8zejv4	.eJxVjDkOwjAQRe_iGltexhObkp4zRDP2hLAokbJUiLuTSCngt--9_1YtrUvfrrNM7b2qsyqhi8gQdBOx0-AqaU7itPcSLFAHyKJOvxlTecqwt_VBw200ZRyW6c5mV8xBZ3Mdq7wuh_t30NPcb3VGaBhKChkIHSHaGhPY6nMUTOBSdpYth-qyxRAjbPPsKZSNFCfq8wXMZD-N:1psX6F:5TmLe6onZbQhlYQGTSRfCAuGALlaBBxM0Zm6jgP0cVE	2023-05-13 00:01:59.718807+01
y1rve0v28q1vwndwjm8jzgorx0j78bqc	.eJxVjDkOwjAQRe_iGltexhObkp4zRDP2hLAokbJUiLuTSCngt--9_1YtrUvfrrNM7b2qsyqhi8gQdBOx0-AqaU7itPcSLFAHyKJOvxlTecqwt_VBw200ZRyW6c5mV8xBZ3Mdq7wuh_t30NPcb3VGaBhKChkIHSHaGhPY6nMUTOBSdpYth-qyxRAjbPPsKZSNFCfq8wXMZD-N:1psX8E:qmqYe6CHFOBlAcWDbnJ8ESRqa1MCBt6HCZs2H4G8NSA	2023-05-13 00:04:02.888049+01
lcvnaoa2uquz039b41jo8oxu414j56rk	.eJxVjDkOwjAQRe_iGltexhObkp4zRDP2hLAokbJUiLuTSCngt--9_1YtrUvfrrNM7b2qsyqhi8gQdBOx0-AqaU7itPcSLFAHyKJOvxlTecqwt_VBw200ZRyW6c5mV8xBZ3Mdq7wuh_t30NPcb3VGaBhKChkIHSHaGhPY6nMUTOBSdpYth-qyxRAjbPPsKZSNFCfq8wXMZD-N:1psX9g:YiakPwM_av2op0P1cjoMu5tiabTSrKxATp419Eo4cNg	2023-05-13 00:05:32.026383+01
t3du1uip9ew4nul3pl6e216wkfb9rdv5	.eJxVjDkOwjAQRe_iGltexhObkp4zRDP2hLAokbJUiLuTSCngt--9_1YtrUvfrrNM7b2qsyqhi8gQdBOx0-AqaU7itPcSLFAHyKJOvxlTecqwt_VBw200ZRyW6c5mV8xBZ3Mdq7wuh_t30NPcb3VGaBhKChkIHSHaGhPY6nMUTOBSdpYth-qyxRAjbPPsKZSNFCfq8wXMZD-N:1psXB0:dXBrgHkQRaW_iWI_yIjh219RRVpljDsbx1ygfsLlo3A	2023-05-13 00:06:54.512322+01
a4n3ucjf6dqi5s22zdp771t3tab1s3zk	.eJxVjDkOwjAQRe_iGltexhObkp4zRDP2hLAokbJUiLuTSCngt--9_1YtrUvfrrNM7b2qsyqhi8gQdBOx0-AqaU7itPcSLFAHyKJOvxlTecqwt_VBw200ZRyW6c5mV8xBZ3Mdq7wuh_t30NPcb3VGaBhKChkIHSHaGhPY6nMUTOBSdpYth-qyxRAjbPPsKZSNFCfq8wXMZD-N:1psXCQ:AwpyPTROrjkW89r0JD_-_DHeT5u75P2qv_UOAP6RIts	2023-05-13 00:08:22.61298+01
s5fezkg84mztoghb4ih8icpyfldvvpt1	.eJxVzLsOwjAMheF3yUyj2EnbhJGdZ6js2KEF1Eq9TIh3h0odYD7_d16mo23tu23RuRvEnA0HrxGQK8dcVwG8VNE1scISXEzCrSKZ0y9jyg8ddyt3Gm-TzdO4zgPbPbHHutjrJPq8HO3fQU9L_9WeG2CRFqBFdaFI7QU5K2oqkBNxiAFcaESZJSEAFCDBGBNRqsmZ9wfdpUFT:1psXZW:o-tMq7f14OZVMH6aCFK5PHhZ0gghhzLUuwDZT-VeJZ0	2023-05-13 00:32:14.420364+01
hciwp1ivpvl5c70o4hke80zjvjt16rrl	.eJxVjDkOwjAQRe_iGltexhObkp4zRDP2hLAokbJUiLuTSCngt--9_1YtrUvfrrNM7b2qsyqhi8gQdBOx0-AqaU7itPcSLFAHyKJOvxlTecqwt_VBw200ZRyW6c5mV8xBZ3Mdq7wuh_t30NPcb3VGaBhKChkIHSHaGhPY6nMUTOBSdpYth-qyxRAjbPPsKZSNFCfq8wXMZD-N:1psXxH:4Arux03iICNt1cp1Hmr1KTkYC54a14L0SeFCMDjcfmg	2023-05-13 00:56:47.739931+01
rym41f2mn4yjpguec89tifdw5yjdfapa	.eJxVjDkOwjAQRe_iGltexhObkp4zRDP2hLAokbJUiLuTSCngt--9_1YtrUvfrrNM7b2qsyqhi8gQdBOx0-AqaU7itPcSLFAHyKJOvxlTecqwt_VBw200ZRyW6c5mV8xBZ3Mdq7wuh_t30NPcb3VGaBhKChkIHSHaGhPY6nMUTOBSdpYth-qyxRAjbPPsKZSNFCfq8wXMZD-N:1psY0g:FoXMbPf4C23PGM0_509xUS762ohgoDb29K71UMTNyQw	2023-05-13 01:00:18.293214+01
04ymoe22d7wnq6deeq3k825ekntq929m	.eJxVjDkOwjAQRe_iGltexhObkp4zRDP2hLAokbJUiLuTSCngt--9_1YtrUvfrrNM7b2qsyqhi8gQdBOx0-AqaU7itPcSLFAHyKJOvxlTecqwt_VBw200ZRyW6c5mV8xBZ3Mdq7wuh_t30NPcb3VGaBhKChkIHSHaGhPY6nMUTOBSdpYth-qyxRAjbPPsKZSNFCfq8wXMZD-N:1psYfw:ruHSwMT-q-ipCtQmY0szUioseKPXsCDkc3iJUPkiWJw	2023-05-13 01:42:56.171737+01
b7itw5jm7znm3a4imshz0w6z9rkqhe7e	.eJxVzLsOwjAMheF3yUyj2EnbhJGdZ6js2KEF1Eq9TIh3h0odYD7_d16mo23tu23RuRvEnA0HrxGQK8dcVwG8VNE1scISXEzCrSKZ0y9jyg8ddyt3Gm-TzdO4zgPbPbHHutjrJPq8HO3fQU9L_9WeG2CRFqBFdaFI7QU5K2oqkBNxiAFcaESZJSEAFCDBGBNRqsmZ9wfdpUFT:1psYgO:UogN-fpbLBh7VYFpIrJWGEcmHe4Y79QLFBZEHvHwSR0	2023-05-13 01:43:24.441896+01
v8qgostj3w7ieho8tyxb4ha2932ev9va	.eJxVzLsOwjAMheF3yUyj2EnbhJGdZ6js2KEF1Eq9TIh3h0odYD7_d16mo23tu23RuRvEnA0HrxGQK8dcVwG8VNE1scISXEzCrSKZ0y9jyg8ddyt3Gm-TzdO4zgPbPbHHutjrJPq8HO3fQU9L_9WeG2CRFqBFdaFI7QU5K2oqkBNxiAFcaESZJSEAFCDBGBNRqsmZ9wfdpUFT:1psYhX:wVRAi68gw3GWMU8u597oY8z202aOh0_vFsQuhICO1_A	2023-05-13 01:44:35.855857+01
ymzh41qwh8dg830sue9gqenwxlhdnzme	.eJxVjDkOwjAQRe_imlixPeOFkp4zROPxmLAokbJUiLuTSCmg-NV7779VR-vSd-ssU3cv6qyEAWwrtkk-cwMupSa74JpgsEQKQjZVdfrNMvFThr0tDxpuo-ZxWKZ71ruiDzrr61jkdTncv4Oe5n6rrUdqGQG5QkkO0WRJZCRW9D62BELRO8ZtIoAZOdtkPJjIlUoI6vMF0flA_A:1puLN5:tbY4b_xW8AviqNvzQyJ1lqiYxSkGpL1Q_My_ZAMAIPI	2023-05-17 23:54:51.153084+01
zl7ttcw2wfskmkpwxvrplnppm5dwpejo	.eJxVjDkOwjAQRe_imlixPeOFkp4zROPxmLAokbJUiLuTSCmg-NV7779VR-vSd-ssU3cv6qyEAWwrtkk-cwMupSa74JpgsEQKQjZVdfrNMvFThr0tDxpuo-ZxWKZ71ruiDzrr61jkdTncv4Oe5n6rrUdqGQG5QkkO0WRJZCRW9D62BELRO8ZtIoAZOdtkPJjIlUoI6vMF0flA_A:1puLQS:bkYkfr8wZiOTRXB3GPIfkgK_ZahOGieJapqt_mRQQTA	2023-05-17 23:58:20.87212+01
l6y7nkega2rhws6lhpk18isulrjpoqlf	.eJxVjDkOwjAQRe_imlixPeOFkp4zROPxmLAokbJUiLuTSCmg-NV7779VR-vSd-ssU3cv6qyEAWwrtkk-cwMupSa74JpgsEQKQjZVdfrNMvFThr0tDxpuo-ZxWKZ71ruiDzrr61jkdTncv4Oe5n6rrUdqGQG5QkkO0WRJZCRW9D62BELRO8ZtIoAZOdtkPJjIlUoI6vMF0flA_A:1puLRM:MTgovIYdnY1bkTkbqHB5unn0MEES8c88uBXm0W15UJM	2023-05-17 23:59:16.069951+01
35hwlg6i8cufrh0cbi9ja0mm0axo6gx0	.eJxVjjkOwjAQRe_iGltexx5Kes4Qjcc2YVEiZakQdyegFFD_957-U3S0Ln23znXqrkUcRYnoMXCS4BGkhwgSqSZpoAK2FE3wKA6_Wia-1-Hr3mi4jIrHYZmuWX0Qta-zOo-lPk47-xfoae43G0nnWMF614yDkLn5ZjUCxuS4mO0UF2ZqNjfTQkxJW84RAxXQLrQgXm9f_UBs:1q1yg5:cSkB-MqWouICbs-OYUoz-7BLL8vVLxoLztS3Dshyezw	2023-06-08 01:18:01.632062+01
njqnrfeg2n2v2squk8engq36k15fvb0y	.eJxVjjkOwjAQRe_iGltexx5Kes4Qjcc2YVEiZakQdyegFFD_957-U3S0Ln23znXqrkUcRYnoMXCS4BGkhwgSqSZpoAK2FE3wKA6_Wia-1-Hr3mi4jIrHYZmuWX0Qta-zOo-lPk47-xfoae43G0nnWMF614yDkLn5ZjUCxuS4mO0UF2ZqNjfTQkxJW84RAxXQLrQgXm9f_UBs:1qBkld:Bp422vBRIuyU6jNPSJ8oNpKpWq5_3AsXMASe2S0mCUc	2023-07-05 00:28:09.872809+01
\.


--
-- Data for Name: products_categorymodel; Type: TABLE DATA; Schema: public; Owner: olaneat
--

COPY public.products_categorymodel (id, name, slug, created_at) FROM stdin;
03775151-ba35-4744-8099-0db9983fb0a3	clothes	clothing	2023-05-03 22:41:59.27318+01
30211463-9043-48f9-967b-9def993580c0	computer	computer-accessories	2023-05-03 22:41:59.27318+01
c8f15bfb-9086-473d-8025-6f84420b04e4	electronics	eletrical-home-accessories	2023-05-05 02:21:54.87598+01
810549e5-d895-4044-983f-080022e7509f	foods	foods	2023-05-10 22:47:26.376976+01
00f95317-4f6c-4ed9-9064-abb41a24448a	mobile phones	mobile-phones	2023-05-16 23:25:24.731952+01
6d2a1b04-9839-4741-8ce0-599ea3952924	Generators & Power Solution	generators-and-other-power-solution	2023-05-16 23:40:32.439092+01
a78170f8-1bad-4da5-8205-ac777a466cff	Home Furnitures	Home-furnitures	2023-05-16 23:50:12.125923+01
bf9ccdaa-2393-4517-8e73-b2a84adde964	shoes	shoes	2023-05-16 23:54:06.091459+01
28981d7b-56ab-4555-a3fb-a3508962843d	drinks	drinks	2023-05-17 01:44:10.818809+01
19619898-e280-4cf5-bb72-55fe49fa78ba	lundary	lundary	2023-05-17 22:54:26.232549+01
bc2ef37e-fb8c-4237-9e9c-79d619dcaf37	personal care	personal-care	2023-05-17 23:02:16.54953+01
2688fc7e-ebe0-485c-b0fc-5119a689a13b	health care	health-care	2023-05-17 23:04:37.064255+01
b8c1fe84-41a5-4309-8f53-7de2ae8b2021	Office Accessories	office-accessories	2023-05-23 14:13:48.021164+01
46b2e198-268f-40d9-915f-ce68a54cf5bb	games	gaming	2023-05-23 14:28:11.648787+01
\.


--
-- Data for Name: products_manufacturermodel; Type: TABLE DATA; Schema: public; Owner: olaneat
--

COPY public.products_manufacturermodel (name, slug, id, created_on, img) FROM stdin;
Nestle	nestle	0d03e325-a874-4e3f-bc32-4458b307fe84	2023-05-23 14:18:41.694419+01	image/upload/v1684974896/vngzqtnnkiasfm0w6ak3.png
Addidas	addidas	660e967e-8133-4ef9-8fe8-2d92afd8acc9	2023-05-25 01:37:34.661339+01	image/upload/v1684975055/pimb52g8fmsx50uh5g0u.png
Infinix	infinix	ac0e5e98-ea79-4abd-b831-4bd83d6eeec3	2023-05-25 01:38:14.090263+01	image/upload/v1684975094/w3wheb1km2jpnkdhmkk8.jpg
Samsung	samsung	2fbf89f9-b61b-4596-ae61-b9142a58f9fb	2023-05-25 01:38:31.161495+01	image/upload/v1684975111/xe9px1flcwbckjnedvzp.jpg
Coca cola	coca-cola	19880a33-fa42-4902-8f8e-b214f3acd95d	2023-05-25 01:39:47.25332+01	image/upload/v1684975187/yk6dthdpghm0fmxrglzh.png
Tecno	tecno	1162b0ca-ff82-43ba-915a-47407374ad65	2023-05-23 14:15:49.015272+01	image/upload/v1684975429/pie1nwnfrqn5c3zbkbof.jpg
Nivea	nivea	a2b140f5-8ca8-4748-8f2f-757fb2e191d0	2023-05-25 01:45:42.361614+01	image/upload/v1684975542/w6jtiwuk9qkfni8kb43m.png
Haier Thermocol	haier-thermocol	dd3c3982-279f-43c3-aba7-8ba454c427bf	2023-05-25 01:47:06.889345+01	image/upload/v1684975627/aoxwlxy50qgxjrme976y.png
Binatone	binatone	a45163b4-bef8-4888-b25e-b0320c601fbf	2023-05-25 01:49:39.294751+01	image/upload/v1684975779/en5b95fr5sg2oavyg6bk.png
Philips	philip	f45d353a-5aab-4fb6-8a7b-ff267042e8b8	2023-05-23 14:27:18.803312+01	image/upload/v1684975946/lh9kuf7iyv9uxt08s0au.png
Diageo	diageo	30678b2f-81f9-4474-98ad-17debc29e666	2023-05-23 23:25:10.377771+01	image/upload/v1684976022/lqjqepoma1en6t9yuzep.png
Oraimo	oraimo	28631af1-502c-4f89-b0db-e1b76e690ac6	2023-05-23 23:17:36.042622+01	image/upload/v1684976299/i632zkusm8wb3zcnuguf.png
\.


--
-- Data for Name: products_productmodel; Type: TABLE DATA; Schema: public; Owner: olaneat
--

COPY public.products_productmodel (id, name, description, created_on, price, slug, update_at, img, available, stock, category_id, manufacturer_id) FROM stdin;
91d2c3d4-b430-401b-8f6f-028504b4e315	shoe E1 seres	helool	2023-05-03 01:46:57.834015+01	10000.00	jhadjdjdjajjjf	2023-05-03 01:46:57.834079+01		f	12	03775151-ba35-4744-8099-0db9983fb0a3	\N
779e6502-a1f3-4b99-885d-45ae176cf0de	shirt and trouser	helool	2023-05-03 01:53:43.789553+01	10000.00	jhadjdjdjajjjf	2023-05-03 01:53:43.789582+01		f	12	03775151-ba35-4744-8099-0db9983fb0a3	\N
6abd35e0-39fd-4dfc-91da-9ed19767b27d	cap	nice face cap	2023-05-03 02:49:44.656325+01	10000.00	jhadjdjdjajjjf	2023-05-03 02:49:44.656378+01		f	12	03775151-ba35-4744-8099-0db9983fb0a3	\N
46917233-8d4e-4fbc-808b-38535488e1ab	P Cap	awesome, amazing p cap, very affordable and durable	2023-05-05 02:12:41.942975+01	2700.00	amazing-p-cap	2023-05-05 02:12:41.943023+01	image/upload/v1683249164/xsf8db9oqt4tg0umtebi.webp	t	5	03775151-ba35-4744-8099-0db9983fb0a3	\N
0e4f34b0-1c1a-4efd-8b92-ef78c0fe21a1	Djack Home Theater System Dj- 5065 with bluetooth.	The features: Channels: 6 Power Output: 5000 Watts Speaker Type: Tower Other Features: Supports MP3, WMA format music, with FM radio. Clear sound, high-quality acoustic effect Distortion: 0.7% 9W.Compatible with DVD, TV, USB, FM radio, SD card	2023-05-05 02:22:30.250993+01	61500.00	Djack-Home-Theater-System-Dj-5065-with-bluetooth	2023-05-05 02:22:30.251026+01	image/upload/v1683252643/rgqlm0tfjcjq7rvz50ri.webp	t	3	c8f15bfb-9086-473d-8025-6f84420b04e4	\N
2c4c2d55-6801-48ab-8660-2f1830547898	Samsung Galaxy A04e - 6.5" - 64GB Rom -3GB Ram - 5000mAh - Copper	NETWORK\n\nTechnology\nGSM / HSPA / LTE\n\nBODY\n\nDimensions -\nWeight -188g\nBuild Plastic back, plastic frame\n\nSIM\n\nSingle SIM (Nano-SIM) or Dual SIM (Nano-SIM, dual stand-by)\n\nDISPLAY\n\nType PLS LCD\nSize 6.5 inches, 102.0 cm2 (~81.8% screen-to-body ratio)\nResolution 720 x 1600 pixels, 20:9 ratio (~270 ppi density)\n\nPLATFORM\n\nOS Android 12\nChipset Exynos 850 (8nm)\nCPU Octa-core (4x2.0 GHz Cortex-A55 & 4x2.0 GHz Cortex-A55)\nGPU Mali-G52\n\nMEMORY\n\nCard slot microSDXC (dedicated slot)\nInternal 64GB 3GB RAM\neMMC 5.1\n\nMAIN CAMERA\n\nSingle 8 MP, f/2.0, AF\nFeatures LED flash\nVideo 1080p@30fps\n\nSELFIE CAMERA\n\nSingle 5 MP, f/2.2\nVideo\n\nSOUND\n\nLoudspeaker Yes\n3.5mm jack Yes\n\nCOMMS\n\nWLAN Wi-Fi 802.11 b/g/n, Wi-Fi Direct, hotspot\nBluetooth 5.0, A2DP\nPositioning Yes, with A-GPS, GLONASS\nNFC No\nRadio Unspecified\n\nUSB\n\nUSB Type-C 2.0, USB On-The-Go\n\nFEATURES\n\nSensors Accelerometer, proximity\n\nBATTERY\n\nType Li-Ion 5000 mAh, non-removable	2023-05-16 23:32:07.709614+01	76000.00	Samsung-Galaxy-A04e-6-5-64GB-Rom-3GB-Ram-5000mAh-Copper	2023-05-16 23:32:07.709645+01	image/upload/v1684276328/ip3dxmzfyj9d2grptale.webp	t	5	00f95317-4f6c-4ed9-9064-abb41a24448a	\N
ced5b466-4c07-4a1d-9637-429dbab0a493	Peak powdered tin milk	Peak Powdered Tin Milk - 400g\n\nPeak Instant Dry Whole Milk Powder is made from high quality fresh milk in Holland. It dissolves instantly in cold or hot water. It can be used for various purposes – drinking, cooking, baking, and, in its powder form, as a coffee / tea whitener for a delicious rich taste. Making delicious glasses of milk since 1963!\n\nProduct Dimensions ‏ : ‎ 4.92 x 4.92 x 6.5 inches; 1.98 Pounds\nItem model number ‏ : ‎ CI-O7O6-O148-CA\nManufacturer ‏ : ‎ Peak	2023-05-15 23:06:59.619397+01	4250.00	Peak-powdered-tin-milk	2023-05-15 23:06:59.61945+01	image/upload/v1684188920/lwchhfo1408shh74or50.webp	t	50	810549e5-d895-4044-983f-080022e7509f	\N
7f26ce58-bbbc-4f95-992e-c60e700400ba	Nestle powdered Tin Milo	Drinking MILO with as part of a healthy breakfast, provides all the essential nutrients that help prepare your children to get the most out of their day. MILO is made from the natural goodness of malt, milk and cocoa and is enriched with vitamins and minerals.\n\nenhance the performance of your Body and Mind.	2023-05-15 23:20:50.990667+01	5500.00	Nestle-powdered-tin-milo	2023-05-15 23:20:50.990695+01	image/upload/v1684189421/whckdmbpaglpe0elnbtq.webp	t	35	810549e5-d895-4044-983f-080022e7509f	\N
eac72a73-6f23-4384-9869-070e8558162f	Mama'S Choice Nigerian Parboiled Rice 50kg	Mama’s Choice is a premium quality Nigerian grown parboiled rice with natural nutritious and healthy value.\n\nIt is grown and bagged in Nigeria. Nutritious, high quality .\n\nPut some variety in your meals and infuse rice when planning dishes for the week. You can cook your rice in so many ways and that's what makes them so popular with kids and adults. Rice is a favourite Nigerian staple and is eaten several times a week by most people.\n\nStore in a cook, dry place for a long shelf-life.	2023-05-15 23:26:12.417468+01	37800.00	Mama-choice-nigerian-parboiled-rice-50kg	2023-05-15 23:26:12.417541+01	image/upload/v1684189572/kopzimtv7dghfv5kjq5x.jpg	t	15	810549e5-d895-4044-983f-080022e7509f	\N
c32110cb-3e23-4b79-9901-15af77823bb5	QASA 1.8L Blender & Grinder - QBL-18L40	Features\n1. Pure copper motor\n2. Non-slip Base\n3. Power cord retaining devic\n\nSpecification:\n\nPower input: 350W\nSpeed: 10000~13000rpm\nCapacity: 1.8L	2023-05-15 23:32:21.111631+01	15000.00	QASA-18L-blender-Grinder-QBL-18L40	2023-05-15 23:32:21.111671+01	image/upload/v1684189941/x8qd3p9fgmhan8hz71bq.webp	t	5	c8f15bfb-9086-473d-8025-6f84420b04e4	\N
e88e2ca9-3227-4812-a6f7-1a015fb3a37c	Samsung Galaxy Tab A7 Lite - 32gb Rom 3gb Ram - Gray	NETWORK Technology GSM / HSPA / LTE\nLAUNCH Announced 2021, May 27\nStatus Available. Released 2021, June 18\nBODY Dimensions 212.5 x 124.7 x 8 mm (8.37 x 4.91 x 0.31 in)\nWeight 366 g (Wi-Fi), 371 g (LTE) (12.91 oz)\nBuild Glass front, aluminum back, aluminum frame, plastic ends\nSIM Nano-SIM\nDISPLAY Type TFT\nSize 8.7 inches, 214.9 cm2 (~81.1% screen-to-body ratio)\nResolution 800 x 1340 pixels, 5:3 ratio (~179 ppi density)\nPLATFORM OS Android 11, One UI 3.1\nChipset Mediatek MT8768T Helio P22T (12 nm)\nCPU Octa-core (4x2.3 GHz Cortex-A53 & 4x1.8 GHz Cortex-A53)\nGPU PowerVR GE8320\nMEMORY Card slot microSDXC (dedicated slot)\nInternal 32GB 3GB RAM\nMAIN CAMERA Single 8 MP, AF\nVideo 1080p@30fps\nSELFIE CAMERA Single 2 MP\nVideo\nSOUND Loudspeaker Yes, with stereo speakers\n3.5mm jack Yes\nCOMMS WLAN Wi-Fi 802.11 a/b/g/n/ac, dual-band, Wi-Fi Direct, hotspot\nBluetooth 5.0, A2DP, LE\nGPS Yes, with A-GPS, GLONASS, BDS, GALILEO\nNFC No\nRadio No\nUSB USB Type-C 2.0	2023-05-16 23:18:41.919996+01	105000.00	Samsung-Galaxy-Tab-A7-Lite-32gb-Rom-3gb-Ram-Gray	2023-05-16 23:18:41.920055+01	image/upload/v1684275524/wnfb3kl3twgcgaw0wy43.webp	t	5	30211463-9043-48f9-967b-9def993580c0	\N
eb4515c6-65db-455d-b6ae-fb3445ca26d0	Elepaq Manual Generator - 1.2kva - Sv2200	AC Output : 220V 1.2kva max. / 1.0kva rated\nDC Output: 12V/8.3A\nPhase No. : Single Phase\nEngine GX90,Max 2.8HP,4-stroke single cylinder, OHV, air cooled\nAlternator brushless electric machine, synchronous,2-pole,100% Copper Enamelled Wire\nStarting System Recoil\nFuel Tank Capacity: 6.0L\nFuel : Petrol\nRun Time per Tankful 7Hrs@75%Load\nDimensions (L x W x H) 460*380*330\nNoise Level@ 7 Meters 66dB\nWeight : 26.5	2023-05-16 23:41:34.890221+01	96000.00	Elepaq-Manual-Generator-1-2kva-Sv2200	2023-05-16 23:41:34.890294+01	image/upload/v1684276895/uhrqttyqcblf4nkalth8.webp	t	3	6d2a1b04-9839-4741-8ce0-599ea3952924	\N
c51a7d0a-f9a4-4af5-acd1-55caa6e1d6a8	Hisense 144Ltrs Fast Freeze Chest Freezer 180SH	The Hisense FC180SH Fast Freeze Chest freezer is manufactured to provides adequate storage space for lots of items to be stored as it is built to enable you store large quantities of perishable and non-perishable items.\n\nFAST FREEZE FUNCTION\nRapidly lowers the temperature in the freezer by activating fast freeze in order to ensure your food is frozen quickly. It is particularly useful when freezing large amount of food.\nCut Off Power Function\nOver-Temperature Alarm\nWater Disposal Device\nPower Indicator Function.\n\nCONVENIENT MECHANICAL TEMPERATURE FEATURES with an adjustable thermostat.Operates while emitting a low noise level\n\nHISENSE CHEST FREEZER | 180FCW\n \n\n \n\n     Fast Freeze\t    Yes\n     Cooling Technology\t    Defrost\n     Color\t    Silver\n     Size\t    142 Liters\n \n\n \n\n     Handle\t    ExternaL\n     Loackable\t    Yes\n     Power Indicator Light:\t    Yes\n \n\n \n\n     Net Dimension (W x D x H):\t    655mm x 575mm x 890mm\n     Voltage Capacity (V)\t\n    220 - 240 / 50Hz	2023-05-16 23:45:31.811125+01	124000.00	Hisense-144Ltrs-Fast-Freeze-Chest-Freezer-180SH	2023-05-16 23:45:31.811156+01	image/upload/v1684277132/m2ncqlsq3btddrnymzws.webp	t	3	6d2a1b04-9839-4741-8ce0-599ea3952924	\N
12119266-3028-47ed-bcd7-0777e4bf62c3	Double Fibre Filled Mattress Topper - Plain Grey	Quality beautiful, fluffy mattress topper is made with 100% American cotton, A mattress pad or a mattress topper is design to lie on top of a mattress, made primarily from fiber. Its function is to provide a layer of comfort and warmth between the user and the mattress. it is of particular benefit when the existing mattress is worn or uncomfortable...Our mattress topper is 2 times FLUFFY than the regular duvet, the topper does not go flat. it's a very unique and rear design. It also takes 2 days to produce. Very soft and body-friendly. can be wash with the machine, can be used for personal use, hotels, schools, or corporate organizations. our mattress topper Can also be washed In a washing machine, it does not fade nor shred, it's is purely made w	2023-05-16 23:50:32.377182+01	21000.00	Double-Fibre-Filled-Mattress-Topper-Plain-Grey	2023-05-16 23:50:32.377208+01	image/upload/v1684277432/jy1ehdgivsy4mfi1imdd.webp	t	15	a78170f8-1bad-4da5-8205-ac777a466cff	\N
d7ee0d0c-5ab1-4f98-854e-20482140c868	2021 Mens Casual Board Shoes Running Sneakers - White/Black	This is a black high-top sneaker, fashionable and trendy, with a confident accent.\nThe classic round toe cap has a good performance in waterproof and anti-collision, bringing you comfort and safety, every step is enjoyment. The upper is made of high-quality leather with a very good texture. The lining of the shoes is made of breathable lining, which has good wear resistance and breathability, and is comfortable and dry to wear. Rubber sole, soft and fashionable, stable and non-slip. The heel is stitched in black, in a fashionable and classic color scheme.\nThese shoes are very suitable for men who pursue fashion and classics. They are versatile for casual, fashionable and business wear to meet daily wear needs.	2023-05-16 23:54:20.858743+01	21000.00	2021-Mens-Casual-Board-Shoes-Running-Sneakers-White-Black	2023-05-16 23:54:20.858784+01	image/upload/v1684277661/v848gullxjyakuswead4.jpg	t	15	bf9ccdaa-2393-4517-8e73-b2a84adde964	\N
218eed14-bada-4388-9c53-441b3f74e1f4	2 In 1 Men's Short Sleeve Shorts Set - Black	Yoo To is a international fashion clothing and accessory store. Focusing on the very latest in affordable Jumia fashion styles, both attire and stunning accessories, we feature many newest product lines, providing maximum choice and convenience to our discerning clientele. We also aim to provide an extensive range of high quality, trendy fashion clothing together to our valued customers. Our goal is always to provide our customers with stunning, high quality fashion products at down to earth prices. Yoo To offers trending fashion-forward styles, edgy and innovative designs all delivered with a truly class-leading professional service.	2023-05-16 23:58:38.586894+01	2900.00	2-in-1-Men-Short-Sleeve-Shorts-Set-Black	2023-05-16 23:58:38.586942+01	image/upload/v1684280034/zym22i0echyicwkyeirb.jpg	t	10	03775151-ba35-4744-8099-0db9983fb0a3	\N
2f49e344-91fe-4f60-b246-b50d654d1bac	Emperor Oil 25 Litre	Vegetable oil is a triglyceride extracted from plant. The term vegetable oil can be narrowly defined for referring only to plant oils that are liquid at room temperature or broadly defined without regard to a substance state of matter at a given temperature. For this reason, vegetable oils that are solid at room temperature are sometimes called vegetable fats. In contrast to these triglyceride are vegetable waxes that lack GLYCERINE in their structure. Although many plant parts may yield oil. In commercial practise oil is extracted primarily from seeds. Various oils have different nutritional components that help us but there are common elements such as vitamin E, Omega-3 and Omega-6 fatty acids. Polyunsaturated and monounsaturated fat and saturated fats. It contains 100% fats and lacks other important components like carbohydrate, calcium, iron, magnesium etc.         \n\nThe diference between this oil and Devon kings is packaging and label, aside that, they are same. This oil contains Vitamins A and E, less cholesterol etc.	2023-05-17 00:59:30.398038+01	34000.00	Emperor-Oil-25-Litre	2023-05-17 00:59:30.398078+01	image/upload/v1684281661/irbi0ryrbmmlzzb4kabv.webp	t	20	810549e5-d895-4044-983f-080022e7509f	\N
0a8b573d-857b-4bc4-9350-cf1a7809ca71	Golden Penny Garri- Cassava Grits - 1kg	Golden Penny Garri is the premium quality semolina fortified with vitamins and minerals. It is high in fiber making it easy to digest and it can be eaten with any choice of soup.	2023-05-17 01:03:40.832208+01	600.00	Golden-Penny-Garri-Cassava-Grits-1kg	2023-05-17 01:03:40.832263+01	image/upload/v1684281821/iwldznxlujss6gnisjiq.webp	t	20	810549e5-d895-4044-983f-080022e7509f	\N
17b3bcbd-03f8-4453-a404-b5e072731c36	Hisense 32 Inches FHD LED TV (A5100) - Black	Hisense LED high definition TV provides all you will ever need for a quality home entertainment medium. With a 720p full high definition resolution, the images becomes so life-like, it feels like you’re really There.\n\nThe HISENSE 32″ LED high definition TV A5100 comes with an energy saving feature that includes back light control, that helps reduces power consumption. It has other great features such as electronic programming guide (EPG), Logical Channel Number and as well as Parental Rating Lock.\n\nClear and immersive picture quality\nUSB media player\nHDMI\nDolby digital plus\nNatural color enhancer\nBezel-less design	2023-05-17 01:33:10.635857+01	68000.00	Hisense-32-Inches-FHD-LED-TV-A5100-Black	2023-05-17 01:33:10.635885+01	image/upload/v1684283591/xfdf1nrpf03yyacxlyiy.jpg	t	4	c8f15bfb-9086-473d-8025-6f84420b04e4	\N
af62de12-46a0-4149-894e-4323d2cc902f	Bardinet Grenadine Syrup For Drinks And Cocktail - 1L	Grenadine is red-colored, sweet and tart, non-alcoholic syrup used in cocktails like the Sea Breeze,\n\nTequila Sunrise, and many other delicious cocktails. Bartenders typically use grenadine to give cocktails a red or pink or pink color.\n\nGrenadine syrup is a cocktail mixer made from fresh pomegranate juice reduced with sugar—like simple syrup with a hint of citrus flavor and stunning red color.\n\nCreate the perfect cocktail using professional ingredients.\n\nGrenadine Syrup Best Served Chilled.\n\nFor Drinks and Cocktail Non-Alcoholic.	2023-05-17 01:44:37.342686+01	6000.00	Bardinet-Grenadine-Syrup-For-Drinks-And-Cocktail-1L	2023-05-17 01:44:37.342711+01	image/upload/v1684284277/phjyneyikspxlgyavccd.webp	t	4	28981d7b-56ab-4555-a3fb-a3508962843d	\N
3ea0f3c5-f320-4063-9d6f-e1d635ec9ed3	Haier Thermocool Refrigerator 1Door Dcool Hr-195CS R6 Slv	Clean Silver\n\nGives premium looks and style\n\nThicker Insulation\n\n25% Thicker Insulation ensures better cooling retention during long hours of power cuts\n\n\nTampered Glass\n\nStrong tempered glass shelves to support heavy items and keep the spill\n\nTableTop\n\nCan be used as a table hold for microwave or Mixer at the top easily \n\nMechanical Temperature control\nDoor with Magnetic Seal\nTampered Glass\nEnergy-saving & bright LED light\nCapacity L\nDimension W480 x D450 x H850	2023-05-17 22:52:36.306953+01	184000.00	Haier-Thermocool-Refrigerator-1Door-Dcool-Hr-195CS-R6-Slv	2023-05-17 22:52:36.306979+01	image/upload/v1684360356/rbglxwz2ah6kjqcjx4as.webp	t	2	c8f15bfb-9086-473d-8025-6f84420b04e4	\N
5fe80b12-325e-4977-aec0-31f745e0fd77	LG XBOOM (LK72B) - Black	Advanced EQ, Bass Blast+\n\nDeeper bass and clearer vocals are made possible with bass blast+. It features advanced EQ for perfect customized sound.\n\n \n\nWireless audio streaming via Bluetooth\n\nEasily connect your mobile devices via Bluetooth and enjoy your favorite music using the LG xboom LK72B.\n\n \n\nSpecially designed remote control\n\nYou can separately control the bass level of the music for a personalized listening experience.\n\n \n\nFM radio playback\n\nTune in to any FM radio station to listen your favorite radio show and music.\n\n \n\nPort. In/AUX in\n\nEasily connect your PC, laptop, tablet, game console or mobile phone to LG Xboom LK72B via the port.in and AUX in.\n\n \n\nUSB & SD card playback\n\nJust plug a USB memory drive or SD card loaded with music into your LG XBOOM LK72B speaker system to enjoy your favorite music. \n\n \n\nWall mountable\n\nLG XBOOM LK72B satellite speakers can easily be mounted on the wall, saving space and making them an integral part of your TV.	2023-05-17 01:47:58.527075+01	47000.00	LG-XBOOM-LK72B-Black	2023-05-17 01:47:58.5271+01	image/upload/v1684284479/vpccgipz5ky5gtuth4es.jpg	t	6	c8f15bfb-9086-473d-8025-6f84420b04e4	\N
cbff3e31-69d4-43a1-a151-31b6e1ef31fd	Celtic Sea Salt - Fine Ground 454g	Pharmacy No.005390\n\nThis Celtic Sea Salt Fine Ground is kosher certified, hand harvested, and certified Nature et Progrès, the highest level of certification allowed in France. Celtic Sea Salt products never contain anti-caking agents, bleaching agents, or additives of any kind. Celtic Sea Salt products are highly recommended by many health professionals and culinary chefs, and it is no surprise why. With a natural balance of minerals and trace elements, Celtic Sea Salt products are a beneficial addition to most diets. As a natural salt, Celtic Sea Salt products are an important source of natural sodium chloride, which is vital for good health in small amounts. Unlike ordinary table salts, Celtic Sea Salt products provide potassium, magnesium and other important trace minerals. Celtic Sea Salt products impart a rich, exceptional flavor that enhances the taste of any dish. Use as a replacement for ordinary table salt in cooking, baking, or to season dishes before serving. In order to preserve optimal freshness and taste, we recommend storing Celtic Sea Salt products in a glass, wooden or ceramic container with a loose fitting lid. \n\nCeltic Sea Salt products are harvested in a way that preserves the delicate balance of ocean minerals. We hope you enjoy our wonderful salts.	2023-05-17 01:52:50.032526+01	16800.00	Celtic-Sea-Salt-Fine-Ground-454g	2023-05-17 01:52:50.032559+01	image/upload/v1684284770/mbhwbrqgkdol9w5rb4kz.webp	t	15	810549e5-d895-4044-983f-080022e7509f	\N
7e210358-3077-42f4-8477-27d5e8f8b91c	HAN RIVER 2L Yam Pounder And Multifunctional Food Machine	HAN RIVER Household appliances Welcome to buy HAN RIVER products. The company specializes in the production of household appliances and is committed to providing customers in Africa with affordable and high-quality products. Please use the product according to the operation manual, please leave your five-star praise after receiving the goods, I wish you a happy life!\n\nThe HAN RIVER grinder uses a sharp blade to make it easier for us to process food/meat. There are 2 grinding modes, slow mode grinds softer materials, and fast mode grinds hard materials. \n\nNote: The meat grinder is suitable for frozen meat or cold meat with raw material temperature above -18 degrees. When cleaning, make sure that there is no meat residue in the gaps of the components, which will inevitably transmit infection. The longest working time at a time is not more than 30 seconds. If it doesn't cut after 30 seconds, please pause for 2 minutes and then continue to start.\n\ninformation:\n1. 2L large capacity is suitable for family use of 3 to 4 people.\n2. Class 2 blades are equipped with 4 S-shaped blades, which can cut very fast.\n3. Transparent glass bowl, wear-resistant and durable, easy to clean without odor.\n4. 250W high power motor, stable operation, silent bearing, low noise.\n5. Stainless steel sharp blade, cut evenly without leaving coarse grains.\n6. Fast and slow two gears, soft and hard materials are cut gradually.\n\nProduct Specifications:\nProduct name: HAN RIVER meat grinder\nModel: HRJRJ03\nGreen color\nMaterial: ABS, stainless steel\nVoltage: 220V\nPower: 250W\nFrequency: 50Hz\nCapacity: 2L\nNet weight/gross weight: 1.03kg/1.19kg\nProduct size: 20*25*28cm\n\nfeature:\n1. The plum-shaped interface is more secure and sturdy, and operates with low noise.\n2. Split design, easy to disassemble and easy to clean.\n3. The bottom non-slip mat is not easy to shake when in use.\n4. ABS material cover, sealed and protected, healthy and tasteless.\n5. Double layer four-dimensional blades cut and grind at various angles.	2023-05-17 02:06:41.627164+01	9400.00	HAN-RIVER-2L-Yam-Pounder-And-Multifunctional-Food-Machine	2023-05-17 02:06:41.627191+01	image/upload/v1684285724/wbeeswwxfwo5g0yrfgnj.jpg	t	3	c8f15bfb-9086-473d-8025-6f84420b04e4	\N
4e262f15-6ecf-4c09-a203-c3676057c81c	Wall Clock With Plastic Frame -26 Cm	This sleek clock is made from durable yet lightweight plastic that will stand the test of time. The matte black frame helps to bring focus to the white face which contrasts against the black numbers and hands. Dimension H 26X W26 x D2cm	2023-05-17 02:11:56.05249+01	4900.00	Wall-Clock-With-Plastic-Frame-26-Cm	2023-05-17 02:11:56.052524+01	image/upload/v1684285916/qycfa15ot4wbmdgjoual.webp	t	3	a78170f8-1bad-4da5-8205-ac777a466cff	\N
4884af60-8a55-4199-babb-53605b023f30	Nexus 18" Standing Fan |NX-SF5400B	Enjoy cool air in your space with Nexus 18 Inch Stand Fan-NX-SF5400B. Nexus Fans are ideal for homes, offices and larger spaces. It is efficient, durable and easy to use too. The high speed motor of this fan will take care of your cooling needs making it also suitable for warehouses or large areas. The blades of Nexus Fans are rust free, thus providing optimum value for money.\n\nThe 18″ standing fan features an adjustable head, and a standard 3 pin plug for convenience. It will conveniently deliver cool air . You can adjust the speed to your preference.\n\nBrowse a wide selection of top quality  at Konga .comand enjoy great deals & discounts. Nationwide Delivery.\n\n18 Inches fan\nStrong electric motor\nSingle Phase Power Supply\nBuilt in power cord	2023-05-17 02:16:51.659269+01	13000.00	Nexus-18-Standing-Fan-NX-SF5400B	2023-05-17 02:16:51.659294+01	image/upload/v1684286306/vq4xz4o5tdcjy4g3bz25.webp	t	3	c8f15bfb-9086-473d-8025-6f84420b04e4	\N
49ba4ceb-d726-44fa-a7b5-42e71ccfa43b	Tv Stand With 2 Drawers	Enjoy cool air in your space with Nexus 18 Inch Stand Fan-NX-SF5400B. Nexus Fans are ideal for homes, offices and larger spaces. It is efficient, durable and easy to use too. The high speed motor of this fan will take care of your cooling needs making it also suitable for warehouses or large areas. The blades of Nexus Fans are rust free, thus providing optimum value for money.\n\nThe 18″ standing fan features an adjustable head, and a standard 3 pin plug for convenience. It will conveniently deliver cool air . You can adjust the speed to your preference.\n\nBrowse a wide selection of top quality  at Konga .comand enjoy great deals & discounts. Nationwide Delivery.\n\n18 Inches fan\nStrong electric motor\nSingle Phase Power Supply\nBuilt in power cord	2023-05-17 22:48:52.989951+01	55000.00	Tv-Stand-With-2-Drawers	2023-05-17 22:48:52.989976+01	image/upload/v1684360133/ihvkwufhbzlatwsjefk5.webp	t	5	a78170f8-1bad-4da5-8205-ac777a466cff	\N
dfd46e68-f115-45d3-b339-98e7f1d28a9e	Sunlight 2in1 Detergent Powder Spring Sensations 850g Twin Pack	Clean Silver\n\nGives premium looks and style\n\nThicker Insulation\n\n25% Thicker Insulation ensures better cooling retention during long hours of power cuts\n\n\nTampered Glass\n\nStrong tempered glass shelves to support heavy items and keep the spill\n\nTableTop\n\nCan be used as a table hold for microwave or Mixer at the top easily \n\nMechanical Temperature control\nDoor with Magnetic Seal\nTampered Glass\nEnergy-saving & bright LED light\nCapacity L\nDimension W480 x D450 x H850	2023-05-17 22:57:18.932342+01	2100.00	Sunlight-2in1-Detergent-Powder-Spring-Sensations-850g-Twin-Pack	2023-05-17 22:57:18.932389+01	image/upload/v1684360640/vvotxzi2qcwikwgmnzpd.jpg	t	20	19619898-e280-4cf5-bb72-55fe49fa78ba	\N
da86a661-bd12-49fd-884d-d8d5fa267c66	Biore UV Aqua Rich Watery Essence Sunscreen SPF 50 (50ml)	Get impeccable sun care and unrivaled skincare in one product with Biore UV Aqua Rich Watery Essence SPF 50+. This thirst-quenching watery essence intensely moisturizes all skin types and floods parched cells with long-lasting hydration while granting skin water and sweat resistant SPF 50+ PA++++sun protection. \n\nWhat it does: \nBiore UV Aqua Rich Watery Essence SPF 50+ PA++++  is the perfect way to protect skin from sun’s pesky skin-damaging rays while hydrating and keeping it soft and nourished at the same time. Powered with hyaluronic acid, royal jelly and other moisturizing ingredients, this colorless and watery essence is what all you need to leave your skin radiant, protected and ready for anything. It melts into the skin to deliver a shot of long-lasting hydration in one easy swipe and to bring dull, dehydrated skin back from the brink. This supercharged essence also doubles as a sunscreen that gives your skin superior SPF 50+ and PA +++ protection from sun damage.	2023-05-17 23:03:15.711502+01	2900.00	Biore-UV-Aqua-Rich-Watery-Essence-Sunscreen-SPF-50ml	2023-05-17 23:03:15.711553+01	image/upload/v1684360997/frqx290pavm2matk58uv.jpg	t	20	bc2ef37e-fb8c-4237-9e9c-79d619dcaf37	\N
a57678f6-ccc8-4f58-82f0-d75ba2a19641	Elegant Anti Blue Light Eyeglasses	Get impeccable sun care and unrivaled skincare in one product with Biore UV Aqua Rich Watery Essence SPF 50+. This thirst-quenching watery essence intensely moisturizes all skin types and floods parched cells with long-lasting hydration while granting skin water and sweat resistant SPF 50+ PA++++sun protection. \n\nWhat it does: \nBiore UV Aqua Rich Watery Essence SPF 50+ PA++++  is the perfect way to protect skin from sun’s pesky skin-damaging rays while hydrating and keeping it soft and nourished at the same time. Powered with hyaluronic acid, royal jelly and other moisturizing ingredients, this colorless and watery essence is what all you need to leave your skin radiant, protected and ready for anything. It melts into the skin to deliver a shot of long-lasting hydration in one easy swipe and to bring dull, dehydrated skin back from the brink. This supercharged essence also doubles as a sunscreen that gives your skin superior SPF 50+ and PA +++ protection from sun damage.	2023-05-17 23:05:26.555485+01	2500.00	Elegant-Anti-Blue-Light-Eyeglasses	2023-05-17 23:05:26.555528+01	image/upload/v1684361127/vhijgq1ezyy1closxb6g.jpg	t	20	2688fc7e-ebe0-485c-b0fc-5119a689a13b	\N
42f2e441-06f2-487d-af85-627b55fe297d	Vitafoam Haven Mattress	Get impeccable sun care and unrivaled skincare in one product with Biore UV Aqua Rich Watery Essence SPF 50+. This thirst-quenching watery essence intensely moisturizes all skin types and floods parched cells with long-lasting hydration while granting skin water and sweat resistant SPF 50+ PA++++sun protection. \n\nWhat it does: \nBiore UV Aqua Rich Watery Essence SPF 50+ PA++++  is the perfect way to protect skin from sun’s pesky skin-damaging rays while hydrating and keeping it soft and nourished at the same time. Powered with hyaluronic acid, royal jelly and other moisturizing ingredients, this colorless and watery essence is what all you need to leave your skin radiant, protected and ready for anything. It melts into the skin to deliver a shot of long-lasting hydration in one easy swipe and to bring dull, dehydrated skin back from the brink. This supercharged essence also doubles as a sunscreen that gives your skin superior SPF 50+ and PA +++ protection from sun damage.	2023-05-17 23:17:59.98932+01	150000.00	Vitafoam-Haven-Mattress	2023-05-17 23:17:59.989351+01	image/upload/v1684361881/gipvipxgur24dig8ac3p.webp	t	10	a78170f8-1bad-4da5-8205-ac777a466cff	\N
b3ccba33-ea62-4ab8-b6aa-83940c407bb8	Sony Playstation 4 Console 500GB With 2 Dualshock Controllers	The Sony PlayStation 4 console is the best place to play with dynamic, connected gaming, powerful graphics and speed, intelligent personalization, deeply integrated social capabilities, and innovative second-screen features. Combining unparalleled content, immersive gaming experiences, all of your favorite digital entertainment apps, and PlayStation exclusives, PS4 centers on gamers, enabling them to play when, where and how they want. PS4 enables the greatest game developers in the world to unlock their creativity and push the boundaries of play through a system that is tuned specifically to their needs. The PS4 console system focuses on the gamer, ensuring that the very best games and the most immersive experiences are possible on the platform.\n\nThe PS4 system enables the greatest game developers in the world to unlock their creativity and push the boundaries of play through a system that is tuned specifically to their needs. The PS4 system is centered around a powerful custom chip that contains eight x86-64 cores and a state of the art 1.84 TFLOPS graphics processor with 8 GB of ultra-fast GDDR5 unified system memory, easing game creation and increasing the richness of content achievable on the platform. The end result is new games with rich, high-fidelity graphics and deeply immersive experiences.\n\n \n\nProduct Information\nBrand Sony\nProduct Type Console\nProduct Title Sony Playstation 4 Console\nSpecifications\nOptical Drive Blu- ray DVD RW\nController(s) 1 Dualshock 4 Wireless\nStorage 500GB\nAudio/Video HDMI\nNetworking Wi-Fi\nCPU x86-64 AMD 'Jaguar' 8 cores\nHDMI 1x HDMI\nMotion Gaming Yes\nSound Yes\nUSB Ports 2\n\nBox Contains:\n\nPlayStation 4 System (Jet Black),2 DUALSHOCK 4 Wireless Controller\n\nPower Rating - Universal HDMI Cable\n\nPower Cable\n\nUSB Charging Cable	2023-05-17 23:24:46.885448+01	153500.00	Sony-Playstation-4-Console-500GB-With-2-Dualshock-Controllers	2023-05-17 23:24:46.8855+01	image/upload/v1684362287/v2e9aklgcxnnm1az4cfx.webp	t	10	c8f15bfb-9086-473d-8025-6f84420b04e4	\N
65d7b4be-3b17-4fa9-942a-7e7da1b34575	HP Probook 440 G8 - 11th Gen -core I5 -8GB RAM -512GB - backlit Keyboard- Win 10 Pro	HP ProBook 440 G8 - 11th Generation Intel Core i5-1135G7 Processor 2.4 GHz base frequency, up to 4.2 GHz with Intel Turbo Boost Technology 6 MB L3 cache and 4 cores, Intel Iris Xe Graphics, 14" diagonal, HD (1366 x 768), anti-glare, 220 nits, 45% NTSC Display, 8 GB DDR4-2400 SDRAM (1 x 8 GB), 512 GB PCIe NVMe M.2 Value SSD, Integrated:, 1 multi-format digital media reader, 2 Integrated stereo speakers, HP Premium Keyboard, full-size, spill-resistant, Intel® Dual Band Wireless-AC 8265 802.11a/b/g/n/ac (2x2) Wi-Fi® and Bluetooth® 4.2 Combo, 3-cell battery, HP Fingerprint Sensor, Windows 10 Pro 64, 1 Year Warranty\n\nHP Probook 440 G8 sports a compact, light, slim chassis with aluminum components making it easy to carry from place to place. This ultra-portable laptop is the ideal laptop for working on the move with its aluminum chassis making it tough, durable yet portable.\n\nFurthermore, the Probook 440 G8 measures 32.19 x 21.39 x 1.99 cm in dimension and weighs 1.38 kg.\n\nThe lid has a sleek finishing with polished HP logo on the back and when opened there are thin bezels around the screen, thus, measuring 89-percent screen-to-body ratio. Although, the bottom bezel is slightly thicker than the sides and top bezel which host the 720p webcam.\n\nOn the base deck chassis, there is a spill-resistant keyboard which spread all the way to the edge of the chassis, leaving thin bezels on the sides. The keycaps have a small squares shape with rounded corners.\nLocated at the lower left and top right corners of the keyboard sit s the Page Up and Page Down, and the Control and Delete keys. It also has a NumberPad section at the left.\n\nBelow the keyboard also is a super responsive and accurate smooth, plastic trackpad for control. The base chassis also host a dual speaker, multiple port and other important components.\n\nFor connectivity, the HP Probook 440 G8 comes with one USB 3.2 Gen 2 Type-C port, two USB 3.2 Gen 1 Type-A ports, one HDMI 1.4b port, a AC Power input port, one MicroSD slot, a Nano security lock slot and a Headphone/microphone combo jack.\n\nDisplay\nThe HP Probook 440 G8 features a 14-inch FHD display with a 16:9 aspect ratio. The screen is built on an IPS panel which comes with a wide-view technology to ensure that colors and contrast remain vivid and bold, even when viewed at sharp angles.\n\nFurthermore, the display offers a resolution of 1920 x 1080 pixels thus, offering a sharper, smoother, and better viewing experience. It also offer up to 250 nits of brightness and 45% NTSC, thus, offering vibrant colors, and brightness to make up for an excellent display for gamer, and other users.\n\nThis  also comes with model that offers  up to 1000nit of brightness and 100% of NTSC. The model features HP SureView Gen 3 Reflect which provides an extremely effective privacy experience.\n\nAbove all, the HP Probook 440 G8 display options features wide viewing angles, and 16:9 screen aspect ratio, thus resulting into a bigger view of picture.\n\nPerformance\nHP Probook 440 G8 is powered by the 11th Gen Intel latest processor paired with Intel Iris Xe Graphics card, thus offering ultimate experiences in productivity, creativity, gaming, entertainment, and collaboration.\n\nThe 11th Generation Intel Core processors harness the power of AI technology to enable unparalleled speed and intelligent performance for everyday PC users, and integrated Intel the Intel Iris Xe graphics that deliver discrete-level graphics performance for next-generation media experiences and also support Wi-Fi 6 and Thunderbolt 4 to provide fast reliable connectivity.\nIn addition, the model with the Intel Core i5-1135G7 Processor is integrated with 4 cores and 8 MB cache which clocks from 2.4 GHz base clock up to 4.2 GHz with Intel Turbo Boost technology. This model is also backed up by the Intel Iris Xe Graphics card.\n\nThe HP Probook 440 G8 base model is powered by the Intel Core i3-1115G4 Processor and clocks at 3.0 GHz base clock, up to 4.1 GHz with Intel Turbo Boost Technology. It has 2 cores and 6 MB cache and backed up by Intel UHD Graphics card.\n\nFurthermore, for better user’s experience, these Probook 440 G8 comes with Up to 16GB of RAM with up to 512 GB SSD card storage.\n\nAbove all, this laptops runs on Windows 10 Pro operating system. Therefore, offering smooth user experience and better interface.\n\nBattery\nHP Probook 440 G8 is powered by HP Long Life 3-cell 45 Wh Li-ion battery. The laptops support HP Fast Charge and can recharge up to 50 percent battery in thirty minutes, thanks to the HP Smart 65 W EM External AC power adapter or an option of HP Smart 45 W AC power adapter depending on your laptop configuration.\n\n \n\nTechnical Specifications\n\n \nOperating system Windows 10 Pro \nMemory layout (slots & size) 1 x 4 GB \nMemory Slots 2 SODIMM \nMemory 8 GB DDR4-2666 SDRAM (1 x 8 GB) \nStandard memory note Transfer rates up to 2666 MT/s. \nMemory and storage 8 GB memory\n512 GB PCIe NVMe M.2 Value SSD storage \nStorage type SSD\nInternal Storage 256 GB PCIe NVMe M.2 Value SSD\nProcessor speed 2.4 GHz \nProcessor cache 6 MB L3 \nProcessor core 4 \nProcessor family 11th Generation Intel® Core™ i5 processor \nProcessor 2.4 GHz base frequency, up to 4.2 GHz with Intel Turbo Boost Technology\n6 MB L3 cache and 4 cores\nGraphic card footnote number 5 6 \nGraphics (integrated) Intel Iris Xe \nDisplay 14" diagonal, HD (1366 x 768), anti-glare, 220 nits, 45% NTSC \nBattery type HP Long Life 3-cell, 45 Wh Li-ion \n0.22 kg \nPower HP Smart 65 W External AC power adapter \nWeight Starting at 3.53 lb (non-touch)\nStarting at 3.55 lb (touch) \n7 \nAudio features Stereo speakers, integrated microphone (mono or dual array) \nCamera 720p HD webcam \nKeyboard Spill-resistant keyboard \nExpansion slots 1 SD8 \nExpansion slots note Supports SD, SDHC, SDXC. \nPorts 1 USB 3.1 Type-C™ Gen 1 (Power delivery, DisplayPort™)\n2 USB 3.1 Gen 1\n1 USB 2.0 (power port)\n1 HDMI 1.4b\n1 RJ-45\n1 headphone/microphone combo\n1 AC power9 \nWireless Realtek 802.11a/b/g/n/ac (2x2) Wi-Fi® and Bluetooth® 5 combo	2023-05-17 23:31:09.741916+01	549000.00	HP-Probook-440-G8-11th-Gen-core-I5-8GB-RAM-512GB-backlit-Keyboard-Win-10-Pro	2023-05-17 23:31:09.741958+01	image/upload/v1684362670/ab6bqaz9c3zk2ufvmocy.webp	t	3	30211463-9043-48f9-967b-9def993580c0	\N
b758e005-599f-4300-9ff8-a3b1e74366c4	Airtel - 4g Lte Mobile MiFi With Lan Port - 6 Hours Battery & 4GB Data Sim Card	This new airtel mifi device deigned for Airtel Network is 4G, has a long Wi-Fi range and the battery on the other hand can last you at least 6hrs after fully charge. (It can also work on 3G network, in an area where 4G is not available).\nIt connects up to 10 wifi devices (Phones, tablets, PC, mobile Smartphones, notebooks etc.)\nYou'll enjoy FREE Browsing of 4GB Bonus if you insert a new Airtel Sim, as well as Double Data for the first 3 months.\n\n\nSpecification\n\nUE Category 4\nBattery Capacity: 2600mAh, last up to 12 hours\nMaximum connection with 32 users.\nEthernet Port: 1 LAN Port with 2 times speed\nDevice working with Battery and working by Power adapter without Battery\nWith RJ45 port for LAN/WAN\nWIFI MIMO2*2\nDual SSID (optional)\nMultiple APN (optional)\n \n\nairtel 4g mifi, airtel modem wifi, airtel mifi device price, airtel pocket mifi	2023-05-17 23:34:26.968876+01	6900.00	Airtel-4g-Lte-Mobile-MiFi-With-Lan-Port-6-Hours-Battery-4GB-Data-Sim-Card	2023-05-17 23:34:26.968904+01	image/upload/v1684362867/whss77z3cfxbgbkyei9y.webp	t	3	30211463-9043-48f9-967b-9def993580c0	\N
7f625513-0bb5-4f53-9044-ee38c3eed2bc	Zinox Ultrabook - 14" Intel Core i3 - 4GB RAM- 1TB HDD - Win10	This smart and Portable Laptop Backpack has multiple compartments to give you a well organized storage of your Laptop and other personal items.It is built with USB charging Port to keep your phone charged on the go.\nIt is  very Portable and affordable. \nIdeally, it serves as School Backpack for college students. Suitable for all kinds of outdoor activities, such as  business trip, college office.\nBuilt with strong and durable zippers,S-shaped ergonomic design of shoulder strap and scientific reasonable weight-bearing design\n\nIlluminating safety strips at night\n\nMaterial: Canvas\n\nInternal Material: Polyester\n\nOpen Way: Zipper\n\nInternal Structure: Mobile Phone Bags, Document Bags, Zipper Bags\n\nGender: Unisex\n\nStyle: Leisure, Business, Fashion\n\nFeatures: Comfortable, Convenient, Environmentally Friendly\n\nApplication: School, Business, Travel.\n\nCapacity: It can comfortably take an 15.6" Laptop and other personal effects.\n\nWASHING - This Backpack is not washing machine proof, however since the whole backpack is made from water repellent material the backpack is already better protected against dirt and stains attaching to the fabric. And it is easily washable with a wet cloth or wipe.\nPlease note that power bank is not included. You need to get a power bank to power your device. \n\nSlide to the images to get full specifications. \n\nDimension:41cm× 14cm× 30cm	2023-05-17 23:43:04.64747+01	167000.00	Zinox-Ultrabook-14-ntel-Core-i3-4GB-AM-1TB-HDD-Win10	2023-05-17 23:43:04.647514+01	image/upload/v1684363384/nohqiinwdbogizmgzui8.webp	t	3	30211463-9043-48f9-967b-9def993580c0	\N
d01accad-8108-42fa-80e0-e7f143b3f530	Microsoft Office Professional 2016	IMPORTANT NOTE: This product will be sent via ESD (eLectronic Software Distribution) method ONLY. Microsoft Office 2016 Professional Activation Key and Download link will be sent to you via confirmation Email within 48 business hours.\n\n \n\nFor 1 PC\nFully installed versions of Outlook, Publisher, Access, Word, Excel, PowerPoint, and OneNote\nStore files in the cloud with OneDrive\n\nWork smarter\nWork smarter\n\nOffice Professional 2016 helps you create, present, communicate, and publish professional-looking documents with time-saving features, a new modern look, and built-in collaboration tools. Save your work in the cloud on OneDrive and access it from anywhere.\n\nOutlook \nOutlook\n\nEasily manage your email, calendar, contacts, and tasks. Push email support keeps your inbox up to date, conversation view groups related messages, and calendars can be viewed side-by-side for planning.\n\nWord \nWord\n\nCreate and share professional-looking documents with state-of-the-art editing, reviewing, and sharing tools. The new Design tab provides quick access to features, and Smart Lookup shows relevant contextual information from the web directly inside Word.\n\nExcel \nExcel\n\nAnalyse and visualize your data in new and intuitive ways with a fresh user interface plus your favourite keyboard shortcuts. Leverage features like Analysis Toolpak, Slicers, and Formula Builder to save time, so you can focus on insights.\n\nPowerPoint \nPowerPoint\n\nCreate, collaborate, and effectively present your ideas with new slide transitions and an improved Animations task pane. Threaded comments alongside your slides help you incorporate feedback into your presentations.\n\nOneNote \nOneNote\n\nIt’s your very own digital notebook, so you can keep notes, ideas, web pages, photos, even audio and video all in one place. Whether you’re at home, in the office, or on the move, you can take it all with you wherever you go while sharing and collaborating with others.\n\nAccess \nAccess\n\nAccess is an easy-to-use tool for quickly creating browser-based database applications that help you run your business. Your data is automatically stored in a SQL database, so it’s more secure and scalable than ever.\n\nPublisher \nPublisher\n\nEasily create, personalize, and share a wide range of professional-quality publications. Swap pictures with a simple drag and drop, or add pictures directly from your online albums. Use special effects to make your publications stand out.\n\nYour stuff anytime, anywhere \nYour stuff anytime, anywhere\n\nSign in to Office 2016 and use OneDrive to easily access your recent documents on any device with seamless integration.\n\nRequirements\n\nRequired Processor\n\n1 gigahertz (Ghz) or faster x86- or x64-bit processor with SSE2\n\nRequired Operating System\n\nWindows 7 or later, Windows Server 2008 R2, or Windows Server 2012\n\nRequired Memory\n\n1\n\nRequired Display\n\n1280 x 800 resolution\n\nGraphics\n\nGraphics hardware acceleration requires a DirectX 10 graphics card.\n\nMulti-touch\n\nA touch-enabled device is required to use any multi-touch functionality. However, all features and functionality are always available by using a keyboard, mouse or other standard or accessible input device. Note that new touch features are optimized for use with Windows 8 or later.\n\nAdditional System Requirements\n\nInternet functionality requires an Internet connection.\n\nMicrosoft account required.\n\n \n\nGB RAM (32 bit); 2 GB RAM (64 bit)\n\nRequired Hard Disk Space\n\n3.0 GB available disk space	2023-05-18 00:17:30.520193+01	16800.00	Microsoft-Office-Professional-2016	2023-05-18 00:17:30.520227+01	image/upload/v1684365450/hnibob92n7tlfiwuby99.webp	t	3	30211463-9043-48f9-967b-9def993580c0	\N
ffb32467-4d1e-4f31-8f17-7165fc19e049	Waterproof Travel Laptop Backpack - Blue	This smart and Portable Laptop Backpack has multiple compartments to give you a well organized storage of your Laptop and other personal items.It is built with USB charging Port to keep your phone charged on the go.\nIt is  very Portable and affordable. \nIdeally, it serves as School Backpack for college students. Suitable for all kinds of outdoor activities, such as  business trip, college office.\nBuilt with strong and durable zippers,S-shaped ergonomic design of shoulder strap and scientific reasonable weight-bearing design\n\nIlluminating safety strips at night\n\nMaterial: Canvas\n\nInternal Material: Polyester\n\nOpen Way: Zipper\n\nInternal Structure: Mobile Phone Bags, Document Bags, Zipper Bags\n\nGender: Unisex\n\nStyle: Leisure, Business, Fashion\n\nFeatures: Comfortable, Convenient, Environmentally Friendly\n\nApplication: School, Business, Travel.\n\nCapacity: It can comfortably take an 15.6" Laptop and other personal effects.\n\nWASHING - This Backpack is not washing machine proof, however since the whole backpack is made from water repellent material the backpack is already better protected against dirt and stains attaching to the fabric. And it is easily washable with a wet cloth or wipe.\nPlease note that power bank is not included. You need to get a power bank to power your device. \n\nSlide to the images to get full specifications. \n\nDimension:41cm× 14cm× 30cm	2023-05-18 00:11:05.444721+01	4800.00	Waterproof-Travel-Laptop-Backpack-Blue	2023-05-18 00:11:05.444746+01	image/upload/v1684365065/hynpesih0muthihnclfa.webp	t	3	30211463-9043-48f9-967b-9def993580c0	\N
c43b05de-a44d-4bfd-9c2a-e07464c12a4c	ADIDAS Adilette Aqua Slides Unisex	Rinse off after the pool in these shower-friendly sandals. Keeping it simple, the smooth slip-ons reveal their adidas DNA with signature 3-Stripes. Soft cushioning rewards tired feet with plush comfort.\nThese shoes run small, we recommend going for one size larger than usual.	2023-05-18 00:24:55.847345+01	25000.00	ADIDAS-Adilette-Aqua-lides-Unisex	2023-05-18 00:24:55.847383+01	image/upload/v1684365896/am3kfhkrnhhblithvnno.jpg	t	3	03775151-ba35-4744-8099-0db9983fb0a3	\N
544a8f7f-90f2-40e1-8309-37eb2cea33d1	Men Corporate Leather Shoe- Black	Have you ever desired to wear an executive and classy shoe that gives you an outstanding outfits every time? Have you ever dreamed of wearing a shoe that in highly executive and classy with glossy touch?  I want to sincerely recommend this shoe for you. This is shoe is strong and reliable. The simplistic nature of this shoe provides it with an additional beauty that make this it unparalleled in outlook and classic in display. It is a shoe that is specially designed for fashionable people like you. I believe you will enjoy this shoe amongst all. What is more, the price of this shoe, when compared with other shoes of thesame quality and make up, is quiet affordable and pocket.	2023-05-18 00:26:38.0148+01	4500.00	Men-Corporate-Leather-Shoe-Black	2023-05-18 00:26:38.014825+01	image/upload/v1684366070/gt21uh7hzkgwf5mven1k.webp	t	10	03775151-ba35-4744-8099-0db9983fb0a3	\N
fdaca62d-0182-4581-9efe-48c7d540e634	Wlisth Luminous Tungsten Steel Waterproof Fashion Couple Watch	This is an elegantly designed watch for men. It purchasing stainless steel material, luminous and life waterproof function, as well as double calendar display, convenient to know the date, mineral hardened glass, have the function of scratch-resistant, it can be scratched, protection can make mirror is new use for a long time, its table button is single fold buckle, one hand you can be very easy to wear it up and it's high quality and attractive make it suitable for all occasions. It's made of high quality durable materials that give you real value for money and stay stylish.	2023-05-18 00:29:48.777697+01	3000.00	Wlisth-Luminous-Tungsten-Steel-Waterproof-Fashion-Couple-Watch	2023-05-18 00:29:48.777725+01	image/upload/v1684366189/lwgd8vzvkdurlech7sey.jpg	t	10	03775151-ba35-4744-8099-0db9983fb0a3	\N
ac02e024-e161-466b-9abe-255433b211f5	Deluxe 5 Set Women's Pu Leather Shoulder Handbag - Black	Step out in style and elegance with the Stanzo3 range of hand bags. Made with leather which withstands rain and harsh weather conditions, whilst still remaining easy to maintain.	2023-05-18 00:33:22.67194+01	14000.00	Deluxe-5-Set-Women-Pu-Leather-Shoulder-Handbag-Black	2023-05-18 00:33:22.671968+01	image/upload/v1684366403/qowmrdwf6nt2wcau0uyc.jpg	t	10	03775151-ba35-4744-8099-0db9983fb0a3	\N
\.


--
-- Data for Name: products_productspecificationmodel; Type: TABLE DATA; Schema: public; Owner: olaneat
--

COPY public.products_productspecificationmodel (id, model, colour, weight, brand, ram, storage, rear_camera, front_camera, connectivity, processor, display, battery, product_id, platform) FROM stdin;
\.


--
-- Data for Name: register_customuser; Type: TABLE DATA; Schema: public; Owner: olaneat
--

COPY public.register_customuser (last_login, is_superuser, first_name, last_name, is_staff, is_active, date_joined, id, email, username, password, created, "timestamp", role) FROM stdin;
2023-04-29 01:42:56.166536+01	f			f	t	2023-04-28 22:55:31.31148+01	c3f56b43-756f-41da-b8e1-22e304af46be	azurefils@gmail.com	ola1	pbkdf2_sha256$600000$sHWNhg7egVluhbmv63KIqA$f8uknngjebGkdijKVhsoYCoBOrvzxdSnrVp+dz5jPKA=	2023-04-28	2023-04-28 22:55:31.746019+01	
2023-04-29 01:44:35.850913+01	t			t	t	2023-04-14 00:20:38.944979+01	b43e812b-0bb5-413d-8068-2f4089db7e2a	admin@admin.com	super_admin	pbkdf2_sha256$600000$Bhc7S5o7AgtvfcE48aBbyT$U+haUic243+UyAnsk2rwqfRpiKfdQ1mv3FE1wLnkFX4=	2023-04-14	2023-04-14 00:20:39.529254+01	
2023-05-03 23:59:16.064371+01	f			f	t	2023-04-28 22:36:45.882488+01	ec4420e2-96bc-4399-b373-715d8a7ea29f	ayo@abac.com	ass	pbkdf2_sha256$600000$hfXxP0KGbyYepQJwFGmXoV$YxOjiBkhIdluZMEnqpuvQQkx0FrceSau5WZ4jGQGkow=	2023-04-28	2023-04-28 22:36:46.316975+01	
\N	f			f	t	2023-04-28 22:50:10.899033+01	7d6666e9-b01c-43b2-912c-5d771c22a906	ola@abc.com	ola	pbkdf2_sha256$600000$nUzokrnIFBpMBSCwpy9ChI$t1iRBUd26CZDbcscr4SrCDkjNyqTaTkDyRA4RC7LS+E=	2023-04-28	2023-04-28 22:50:11.476205+01	
2023-06-21 00:28:09.863263+01	f			f	t	2023-04-14 00:08:02.268741+01	d79495c8-6496-4676-9ae8-16e69f871549	admin@abc.com	admin	pbkdf2_sha256$600000$WENuPEKDPzcVApy1SGfVPF$IqdGlu7urusBhmDgX07aMq2Cz1EUPTpBrF5BKmEoleQ=	2023-06-21	2023-06-21 00:17:52.055136+01	
\.


--
-- Data for Name: register_customuser_groups; Type: TABLE DATA; Schema: public; Owner: olaneat
--

COPY public.register_customuser_groups (id, customuser_id, group_id) FROM stdin;
\.


--
-- Data for Name: register_customuser_user_permissions; Type: TABLE DATA; Schema: public; Owner: olaneat
--

COPY public.register_customuser_user_permissions (id, customuser_id, permission_id) FROM stdin;
\.


--
-- Data for Name: userProfile_userprofilemodel; Type: TABLE DATA; Schema: public; Owner: olaneat
--

COPY public."userProfile_userprofilemodel" (id, first_name, last_name, address, created_at, state, lga, phone_number, email, country, user_id, dispaly_image) FROM stdin;
1	\N	\N		2023-06-21 00:28:09.868123+01	\N	\N	\N		\N	d79495c8-6496-4676-9ae8-16e69f871549	
4	\N	\N		2023-04-28 22:50:11.483508+01	\N	\N	\N		\N	7d6666e9-b01c-43b2-912c-5d771c22a906	
3	\N	\N		2023-05-03 23:59:16.067514+01	\N	\N	\N		\N	ec4420e2-96bc-4399-b373-715d8a7ea29f	
5	\N	\N		2023-04-29 01:42:56.169735+01	\N	\N	\N		\N	c3f56b43-756f-41da-b8e1-22e304af46be	
2	\N	\N		2023-04-29 01:44:35.853916+01	\N	\N	\N		\N	b43e812b-0bb5-413d-8068-2f4089db7e2a	
\.


--
-- Name: auth_group_id_seq; Type: SEQUENCE SET; Schema: public; Owner: olaneat
--

SELECT pg_catalog.setval('public.auth_group_id_seq', 1, false);


--
-- Name: auth_group_permissions_id_seq; Type: SEQUENCE SET; Schema: public; Owner: olaneat
--

SELECT pg_catalog.setval('public.auth_group_permissions_id_seq', 1, false);


--
-- Name: auth_permission_id_seq; Type: SEQUENCE SET; Schema: public; Owner: olaneat
--

SELECT pg_catalog.setval('public.auth_permission_id_seq', 52, true);


--
-- Name: django_admin_log_id_seq; Type: SEQUENCE SET; Schema: public; Owner: olaneat
--

SELECT pg_catalog.setval('public.django_admin_log_id_seq', 1, false);


--
-- Name: django_content_type_id_seq; Type: SEQUENCE SET; Schema: public; Owner: olaneat
--

SELECT pg_catalog.setval('public.django_content_type_id_seq', 13, true);


--
-- Name: django_migrations_id_seq; Type: SEQUENCE SET; Schema: public; Owner: olaneat
--

SELECT pg_catalog.setval('public.django_migrations_id_seq', 47, true);


--
-- Name: products_productspecificationmodel_id_seq; Type: SEQUENCE SET; Schema: public; Owner: olaneat
--

SELECT pg_catalog.setval('public.products_productspecificationmodel_id_seq', 1, false);


--
-- Name: register_customuser_groups_id_seq; Type: SEQUENCE SET; Schema: public; Owner: olaneat
--

SELECT pg_catalog.setval('public.register_customuser_groups_id_seq', 1, false);


--
-- Name: register_customuser_user_permissions_id_seq; Type: SEQUENCE SET; Schema: public; Owner: olaneat
--

SELECT pg_catalog.setval('public.register_customuser_user_permissions_id_seq', 1, false);


--
-- Name: userProfile_userprofilemodel_id_seq; Type: SEQUENCE SET; Schema: public; Owner: olaneat
--

SELECT pg_catalog.setval('public."userProfile_userprofilemodel_id_seq"', 5, true);


--
-- Name: auth_group auth_group_name_key; Type: CONSTRAINT; Schema: public; Owner: olaneat
--

ALTER TABLE ONLY public.auth_group
    ADD CONSTRAINT auth_group_name_key UNIQUE (name);


--
-- Name: auth_group_permissions auth_group_permissions_group_id_permission_id_0cd325b0_uniq; Type: CONSTRAINT; Schema: public; Owner: olaneat
--

ALTER TABLE ONLY public.auth_group_permissions
    ADD CONSTRAINT auth_group_permissions_group_id_permission_id_0cd325b0_uniq UNIQUE (group_id, permission_id);


--
-- Name: auth_group_permissions auth_group_permissions_pkey; Type: CONSTRAINT; Schema: public; Owner: olaneat
--

ALTER TABLE ONLY public.auth_group_permissions
    ADD CONSTRAINT auth_group_permissions_pkey PRIMARY KEY (id);


--
-- Name: auth_group auth_group_pkey; Type: CONSTRAINT; Schema: public; Owner: olaneat
--

ALTER TABLE ONLY public.auth_group
    ADD CONSTRAINT auth_group_pkey PRIMARY KEY (id);


--
-- Name: auth_permission auth_permission_content_type_id_codename_01ab375a_uniq; Type: CONSTRAINT; Schema: public; Owner: olaneat
--

ALTER TABLE ONLY public.auth_permission
    ADD CONSTRAINT auth_permission_content_type_id_codename_01ab375a_uniq UNIQUE (content_type_id, codename);


--
-- Name: auth_permission auth_permission_pkey; Type: CONSTRAINT; Schema: public; Owner: olaneat
--

ALTER TABLE ONLY public.auth_permission
    ADD CONSTRAINT auth_permission_pkey PRIMARY KEY (id);


--
-- Name: authtoken_token authtoken_token_pkey; Type: CONSTRAINT; Schema: public; Owner: olaneat
--

ALTER TABLE ONLY public.authtoken_token
    ADD CONSTRAINT authtoken_token_pkey PRIMARY KEY (key);


--
-- Name: authtoken_token authtoken_token_user_id_key; Type: CONSTRAINT; Schema: public; Owner: olaneat
--

ALTER TABLE ONLY public.authtoken_token
    ADD CONSTRAINT authtoken_token_user_id_key UNIQUE (user_id);


--
-- Name: django_admin_log django_admin_log_pkey; Type: CONSTRAINT; Schema: public; Owner: olaneat
--

ALTER TABLE ONLY public.django_admin_log
    ADD CONSTRAINT django_admin_log_pkey PRIMARY KEY (id);


--
-- Name: django_content_type django_content_type_app_label_model_76bd3d3b_uniq; Type: CONSTRAINT; Schema: public; Owner: olaneat
--

ALTER TABLE ONLY public.django_content_type
    ADD CONSTRAINT django_content_type_app_label_model_76bd3d3b_uniq UNIQUE (app_label, model);


--
-- Name: django_content_type django_content_type_pkey; Type: CONSTRAINT; Schema: public; Owner: olaneat
--

ALTER TABLE ONLY public.django_content_type
    ADD CONSTRAINT django_content_type_pkey PRIMARY KEY (id);


--
-- Name: django_migrations django_migrations_pkey; Type: CONSTRAINT; Schema: public; Owner: olaneat
--

ALTER TABLE ONLY public.django_migrations
    ADD CONSTRAINT django_migrations_pkey PRIMARY KEY (id);


--
-- Name: django_session django_session_pkey; Type: CONSTRAINT; Schema: public; Owner: olaneat
--

ALTER TABLE ONLY public.django_session
    ADD CONSTRAINT django_session_pkey PRIMARY KEY (session_key);


--
-- Name: products_categorymodel products_categorymodel_pkey; Type: CONSTRAINT; Schema: public; Owner: olaneat
--

ALTER TABLE ONLY public.products_categorymodel
    ADD CONSTRAINT products_categorymodel_pkey PRIMARY KEY (id);


--
-- Name: products_manufacturermodel products_manufacturermodel_pkey; Type: CONSTRAINT; Schema: public; Owner: olaneat
--

ALTER TABLE ONLY public.products_manufacturermodel
    ADD CONSTRAINT products_manufacturermodel_pkey PRIMARY KEY (id);


--
-- Name: products_manufacturermodel products_manufacturermodel_slug_key; Type: CONSTRAINT; Schema: public; Owner: olaneat
--

ALTER TABLE ONLY public.products_manufacturermodel
    ADD CONSTRAINT products_manufacturermodel_slug_key UNIQUE (slug);


--
-- Name: products_productmodel products_productmodel_pkey; Type: CONSTRAINT; Schema: public; Owner: olaneat
--

ALTER TABLE ONLY public.products_productmodel
    ADD CONSTRAINT products_productmodel_pkey PRIMARY KEY (id);


--
-- Name: products_productspecificationmodel products_productspecificationmodel_pkey; Type: CONSTRAINT; Schema: public; Owner: olaneat
--

ALTER TABLE ONLY public.products_productspecificationmodel
    ADD CONSTRAINT products_productspecificationmodel_pkey PRIMARY KEY (id);


--
-- Name: products_productspecificationmodel products_productspecificationmodel_product_id_key; Type: CONSTRAINT; Schema: public; Owner: olaneat
--

ALTER TABLE ONLY public.products_productspecificationmodel
    ADD CONSTRAINT products_productspecificationmodel_product_id_key UNIQUE (product_id);


--
-- Name: register_customuser register_customuser_email_key; Type: CONSTRAINT; Schema: public; Owner: olaneat
--

ALTER TABLE ONLY public.register_customuser
    ADD CONSTRAINT register_customuser_email_key UNIQUE (email);


--
-- Name: register_customuser_groups register_customuser_groups_customuser_id_group_id_a128ffd5_uniq; Type: CONSTRAINT; Schema: public; Owner: olaneat
--

ALTER TABLE ONLY public.register_customuser_groups
    ADD CONSTRAINT register_customuser_groups_customuser_id_group_id_a128ffd5_uniq UNIQUE (customuser_id, group_id);


--
-- Name: register_customuser_groups register_customuser_groups_pkey; Type: CONSTRAINT; Schema: public; Owner: olaneat
--

ALTER TABLE ONLY public.register_customuser_groups
    ADD CONSTRAINT register_customuser_groups_pkey PRIMARY KEY (id);


--
-- Name: register_customuser register_customuser_pkey; Type: CONSTRAINT; Schema: public; Owner: olaneat
--

ALTER TABLE ONLY public.register_customuser
    ADD CONSTRAINT register_customuser_pkey PRIMARY KEY (id);


--
-- Name: register_customuser_user_permissions register_customuser_user_customuser_id_permission_eea8404d_uniq; Type: CONSTRAINT; Schema: public; Owner: olaneat
--

ALTER TABLE ONLY public.register_customuser_user_permissions
    ADD CONSTRAINT register_customuser_user_customuser_id_permission_eea8404d_uniq UNIQUE (customuser_id, permission_id);


--
-- Name: register_customuser_user_permissions register_customuser_user_permissions_pkey; Type: CONSTRAINT; Schema: public; Owner: olaneat
--

ALTER TABLE ONLY public.register_customuser_user_permissions
    ADD CONSTRAINT register_customuser_user_permissions_pkey PRIMARY KEY (id);


--
-- Name: register_customuser register_customuser_username_key; Type: CONSTRAINT; Schema: public; Owner: olaneat
--

ALTER TABLE ONLY public.register_customuser
    ADD CONSTRAINT register_customuser_username_key UNIQUE (username);


--
-- Name: userProfile_userprofilemodel userProfile_userprofilemodel_pkey; Type: CONSTRAINT; Schema: public; Owner: olaneat
--

ALTER TABLE ONLY public."userProfile_userprofilemodel"
    ADD CONSTRAINT "userProfile_userprofilemodel_pkey" PRIMARY KEY (id);


--
-- Name: userProfile_userprofilemodel userProfile_userprofilemodel_user_id_key; Type: CONSTRAINT; Schema: public; Owner: olaneat
--

ALTER TABLE ONLY public."userProfile_userprofilemodel"
    ADD CONSTRAINT "userProfile_userprofilemodel_user_id_key" UNIQUE (user_id);


--
-- Name: auth_group_name_a6ea08ec_like; Type: INDEX; Schema: public; Owner: olaneat
--

CREATE INDEX auth_group_name_a6ea08ec_like ON public.auth_group USING btree (name varchar_pattern_ops);


--
-- Name: auth_group_permissions_group_id_b120cbf9; Type: INDEX; Schema: public; Owner: olaneat
--

CREATE INDEX auth_group_permissions_group_id_b120cbf9 ON public.auth_group_permissions USING btree (group_id);


--
-- Name: auth_group_permissions_permission_id_84c5c92e; Type: INDEX; Schema: public; Owner: olaneat
--

CREATE INDEX auth_group_permissions_permission_id_84c5c92e ON public.auth_group_permissions USING btree (permission_id);


--
-- Name: auth_permission_content_type_id_2f476e4b; Type: INDEX; Schema: public; Owner: olaneat
--

CREATE INDEX auth_permission_content_type_id_2f476e4b ON public.auth_permission USING btree (content_type_id);


--
-- Name: authtoken_token_key_10f0b77e_like; Type: INDEX; Schema: public; Owner: olaneat
--

CREATE INDEX authtoken_token_key_10f0b77e_like ON public.authtoken_token USING btree (key varchar_pattern_ops);


--
-- Name: django_admin_log_content_type_id_c4bce8eb; Type: INDEX; Schema: public; Owner: olaneat
--

CREATE INDEX django_admin_log_content_type_id_c4bce8eb ON public.django_admin_log USING btree (content_type_id);


--
-- Name: django_admin_log_user_id_c564eba6; Type: INDEX; Schema: public; Owner: olaneat
--

CREATE INDEX django_admin_log_user_id_c564eba6 ON public.django_admin_log USING btree (user_id);


--
-- Name: django_session_expire_date_a5c62663; Type: INDEX; Schema: public; Owner: olaneat
--

CREATE INDEX django_session_expire_date_a5c62663 ON public.django_session USING btree (expire_date);


--
-- Name: django_session_session_key_c0390e0f_like; Type: INDEX; Schema: public; Owner: olaneat
--

CREATE INDEX django_session_session_key_c0390e0f_like ON public.django_session USING btree (session_key varchar_pattern_ops);


--
-- Name: products_categorymodel_slug_b6c8c06e; Type: INDEX; Schema: public; Owner: olaneat
--

CREATE INDEX products_categorymodel_slug_b6c8c06e ON public.products_categorymodel USING btree (slug);


--
-- Name: products_categorymodel_slug_b6c8c06e_like; Type: INDEX; Schema: public; Owner: olaneat
--

CREATE INDEX products_categorymodel_slug_b6c8c06e_like ON public.products_categorymodel USING btree (slug varchar_pattern_ops);


--
-- Name: products_manufacturermodel_slug_2e249423_like; Type: INDEX; Schema: public; Owner: olaneat
--

CREATE INDEX products_manufacturermodel_slug_2e249423_like ON public.products_manufacturermodel USING btree (slug varchar_pattern_ops);


--
-- Name: products_productmodel_category_id_55290b72; Type: INDEX; Schema: public; Owner: olaneat
--

CREATE INDEX products_productmodel_category_id_55290b72 ON public.products_productmodel USING btree (category_id);


--
-- Name: products_productmodel_id_slug_22849f35_idx; Type: INDEX; Schema: public; Owner: olaneat
--

CREATE INDEX products_productmodel_id_slug_22849f35_idx ON public.products_productmodel USING btree (id, slug);


--
-- Name: products_productmodel_manufacturer_id_746ce5e6; Type: INDEX; Schema: public; Owner: olaneat
--

CREATE INDEX products_productmodel_manufacturer_id_746ce5e6 ON public.products_productmodel USING btree (manufacturer_id);


--
-- Name: products_productmodel_slug_a54ad81f; Type: INDEX; Schema: public; Owner: olaneat
--

CREATE INDEX products_productmodel_slug_a54ad81f ON public.products_productmodel USING btree (slug);


--
-- Name: products_productmodel_slug_a54ad81f_like; Type: INDEX; Schema: public; Owner: olaneat
--

CREATE INDEX products_productmodel_slug_a54ad81f_like ON public.products_productmodel USING btree (slug varchar_pattern_ops);


--
-- Name: register_customuser_email_cd4505ac_like; Type: INDEX; Schema: public; Owner: olaneat
--

CREATE INDEX register_customuser_email_cd4505ac_like ON public.register_customuser USING btree (email varchar_pattern_ops);


--
-- Name: register_customuser_groups_customuser_id_4055c9fc; Type: INDEX; Schema: public; Owner: olaneat
--

CREATE INDEX register_customuser_groups_customuser_id_4055c9fc ON public.register_customuser_groups USING btree (customuser_id);


--
-- Name: register_customuser_groups_group_id_0f69a86a; Type: INDEX; Schema: public; Owner: olaneat
--

CREATE INDEX register_customuser_groups_group_id_0f69a86a ON public.register_customuser_groups USING btree (group_id);


--
-- Name: register_customuser_user_permissions_customuser_id_4a252daa; Type: INDEX; Schema: public; Owner: olaneat
--

CREATE INDEX register_customuser_user_permissions_customuser_id_4a252daa ON public.register_customuser_user_permissions USING btree (customuser_id);


--
-- Name: register_customuser_user_permissions_permission_id_235bc918; Type: INDEX; Schema: public; Owner: olaneat
--

CREATE INDEX register_customuser_user_permissions_permission_id_235bc918 ON public.register_customuser_user_permissions USING btree (permission_id);


--
-- Name: register_customuser_username_d8eebf4a_like; Type: INDEX; Schema: public; Owner: olaneat
--

CREATE INDEX register_customuser_username_d8eebf4a_like ON public.register_customuser USING btree (username varchar_pattern_ops);


--
-- Name: auth_group_permissions auth_group_permissio_permission_id_84c5c92e_fk_auth_perm; Type: FK CONSTRAINT; Schema: public; Owner: olaneat
--

ALTER TABLE ONLY public.auth_group_permissions
    ADD CONSTRAINT auth_group_permissio_permission_id_84c5c92e_fk_auth_perm FOREIGN KEY (permission_id) REFERENCES public.auth_permission(id) DEFERRABLE INITIALLY DEFERRED;


--
-- Name: auth_group_permissions auth_group_permissions_group_id_b120cbf9_fk_auth_group_id; Type: FK CONSTRAINT; Schema: public; Owner: olaneat
--

ALTER TABLE ONLY public.auth_group_permissions
    ADD CONSTRAINT auth_group_permissions_group_id_b120cbf9_fk_auth_group_id FOREIGN KEY (group_id) REFERENCES public.auth_group(id) DEFERRABLE INITIALLY DEFERRED;


--
-- Name: auth_permission auth_permission_content_type_id_2f476e4b_fk_django_co; Type: FK CONSTRAINT; Schema: public; Owner: olaneat
--

ALTER TABLE ONLY public.auth_permission
    ADD CONSTRAINT auth_permission_content_type_id_2f476e4b_fk_django_co FOREIGN KEY (content_type_id) REFERENCES public.django_content_type(id) DEFERRABLE INITIALLY DEFERRED;


--
-- Name: authtoken_token authtoken_token_user_id_35299eff_fk_register_customuser_id; Type: FK CONSTRAINT; Schema: public; Owner: olaneat
--

ALTER TABLE ONLY public.authtoken_token
    ADD CONSTRAINT authtoken_token_user_id_35299eff_fk_register_customuser_id FOREIGN KEY (user_id) REFERENCES public.register_customuser(id) DEFERRABLE INITIALLY DEFERRED;


--
-- Name: django_admin_log django_admin_log_content_type_id_c4bce8eb_fk_django_co; Type: FK CONSTRAINT; Schema: public; Owner: olaneat
--

ALTER TABLE ONLY public.django_admin_log
    ADD CONSTRAINT django_admin_log_content_type_id_c4bce8eb_fk_django_co FOREIGN KEY (content_type_id) REFERENCES public.django_content_type(id) DEFERRABLE INITIALLY DEFERRED;


--
-- Name: django_admin_log django_admin_log_user_id_c564eba6_fk_register_customuser_id; Type: FK CONSTRAINT; Schema: public; Owner: olaneat
--

ALTER TABLE ONLY public.django_admin_log
    ADD CONSTRAINT django_admin_log_user_id_c564eba6_fk_register_customuser_id FOREIGN KEY (user_id) REFERENCES public.register_customuser(id) DEFERRABLE INITIALLY DEFERRED;


--
-- Name: products_productmodel products_productmode_category_id_55290b72_fk_products_; Type: FK CONSTRAINT; Schema: public; Owner: olaneat
--

ALTER TABLE ONLY public.products_productmodel
    ADD CONSTRAINT products_productmode_category_id_55290b72_fk_products_ FOREIGN KEY (category_id) REFERENCES public.products_categorymodel(id) DEFERRABLE INITIALLY DEFERRED;


--
-- Name: products_productmodel products_productmode_manufacturer_id_746ce5e6_fk_products_; Type: FK CONSTRAINT; Schema: public; Owner: olaneat
--

ALTER TABLE ONLY public.products_productmodel
    ADD CONSTRAINT products_productmode_manufacturer_id_746ce5e6_fk_products_ FOREIGN KEY (manufacturer_id) REFERENCES public.products_manufacturermodel(id) DEFERRABLE INITIALLY DEFERRED;


--
-- Name: products_productspecificationmodel products_productspec_product_id_09e91a1f_fk_products_; Type: FK CONSTRAINT; Schema: public; Owner: olaneat
--

ALTER TABLE ONLY public.products_productspecificationmodel
    ADD CONSTRAINT products_productspec_product_id_09e91a1f_fk_products_ FOREIGN KEY (product_id) REFERENCES public.products_productmodel(id) DEFERRABLE INITIALLY DEFERRED;


--
-- Name: register_customuser_groups register_customuser__customuser_id_4055c9fc_fk_register_; Type: FK CONSTRAINT; Schema: public; Owner: olaneat
--

ALTER TABLE ONLY public.register_customuser_groups
    ADD CONSTRAINT register_customuser__customuser_id_4055c9fc_fk_register_ FOREIGN KEY (customuser_id) REFERENCES public.register_customuser(id) DEFERRABLE INITIALLY DEFERRED;


--
-- Name: register_customuser_user_permissions register_customuser__customuser_id_4a252daa_fk_register_; Type: FK CONSTRAINT; Schema: public; Owner: olaneat
--

ALTER TABLE ONLY public.register_customuser_user_permissions
    ADD CONSTRAINT register_customuser__customuser_id_4a252daa_fk_register_ FOREIGN KEY (customuser_id) REFERENCES public.register_customuser(id) DEFERRABLE INITIALLY DEFERRED;


--
-- Name: register_customuser_user_permissions register_customuser__permission_id_235bc918_fk_auth_perm; Type: FK CONSTRAINT; Schema: public; Owner: olaneat
--

ALTER TABLE ONLY public.register_customuser_user_permissions
    ADD CONSTRAINT register_customuser__permission_id_235bc918_fk_auth_perm FOREIGN KEY (permission_id) REFERENCES public.auth_permission(id) DEFERRABLE INITIALLY DEFERRED;


--
-- Name: register_customuser_groups register_customuser_groups_group_id_0f69a86a_fk_auth_group_id; Type: FK CONSTRAINT; Schema: public; Owner: olaneat
--

ALTER TABLE ONLY public.register_customuser_groups
    ADD CONSTRAINT register_customuser_groups_group_id_0f69a86a_fk_auth_group_id FOREIGN KEY (group_id) REFERENCES public.auth_group(id) DEFERRABLE INITIALLY DEFERRED;


--
-- Name: userProfile_userprofilemodel userProfile_userprof_user_id_1265e955_fk_register_; Type: FK CONSTRAINT; Schema: public; Owner: olaneat
--

ALTER TABLE ONLY public."userProfile_userprofilemodel"
    ADD CONSTRAINT "userProfile_userprof_user_id_1265e955_fk_register_" FOREIGN KEY (user_id) REFERENCES public.register_customuser(id) DEFERRABLE INITIALLY DEFERRED;


--
-- PostgreSQL database dump complete
--

